frame,timestamp,box_pixels_stride2,dynamic_mask_pixels_stride2,intersection_pixels_stride2,box_recall,mask_precision_to_box,global_mask_fraction,odom_dt,box_odom_dt,box_x,box_y,box_z
1,539.111,0,0,0,nan,nan,0.0,0.006999999999948159,0.0049999999999954525,-6.99998334804765,-4.60000000000017,0.30999999995146804
2,539.16,0,4903,0,nan,0.0,0.06384114583333333,0.012000000000057298,0.004000000000019099,-6.999983275647857,-4.620000000000159,0.30999999995146804
3,539.211,0,5657,0,nan,0.0,0.07365885416666666,0.0049999999999954525,0.0049999999999954525,-6.999983167048168,-4.6500000000001425,0.30999999995146804
4,539.26,0,5580,0,nan,0.0,0.07265625,0.014000000000010004,0.004000000000019099,-6.999983094648375,-4.670000000000131,0.30999999995146804
5,539.31,0,9968,0,nan,0.0,0.12979166666666667,0.0019999999999527063,0.0039999999999054126,-6.999983004148634,-4.6950000000001175,0.30999999995146804
6,539.36,0,8964,0,nan,0.0,0.11671875,0.01599999999996271,0.004000000000019099,-6.999982913648893,-4.720000000000104,0.30999999995146804
7,539.412,0,8022,0,nan,0.0,0.104453125,0.002000000000066393,0.004000000000019099,-6.9999828050492034,-4.750000000000087,0.30999999995146804
8,539.46,0,7601,0,nan,0.0,0.09897135416666666,0.016000000000076398,0.004000000000019099,-6.999982732649411,-4.770000000000076,0.30999999995146804
9,539.51,0,10437,0,nan,0.0,0.1358984375,0.0019999999999527063,0.004000000000019099,-6.99998264214967,-4.795000000000062,0.30999999995146804
10,539.561,0,7896,0,nan,0.0,0.1028125,0.014999999999986358,0.0049999999999954525,-6.99998253354998,-4.8250000000000455,0.30999999995146804
11,539.611,0,7340,0,nan,0.0,0.09557291666666666,0.0030000000000427463,0.0049999999999954525,-6.999982443050239,-4.850000000000032,0.30999999995146804
12,539.661,0,5865,0,nan,0.0,0.0763671875,0.012999999999919964,0.0049999999999954525,-6.9999823706504465,-4.8700000000000205,0.30999999995146804
13,539.711,0,2642,0,nan,0.0,0.03440104166666667,0.0049999999999954525,0.0049999999999954525,-6.999982262050757,-4.900000000000004,0.30999999995146804
14,539.761,0,6457,0,nan,0.0,0.08407552083333333,0.010999999999967258,0.0049999999999954525,-6.999982171551016,-4.92499999999999,0.30999999995146804
15,539.811,0,6498,0,nan,0.0,0.084609375,0.006999999999948159,0.0049999999999954525,-6.999982081051275,-4.949999999999976,0.30999999995146804
16,539.86,0,4683,0,nan,0.0,0.0609765625,0.008000000000038199,0.004000000000019099,-6.999982008651482,-4.969999999999965,0.30999999995146804
17,539.911,0,5429,0,nan,0.0,0.07069010416666667,0.009000000000014552,0.0049999999999954525,-6.999981918151741,-4.994999999999951,0.30999999995146804
18,539.961,0,13236,0,nan,0.0,0.17234375,0.007000000000061846,0.0049999999999954525,-6.999981918151741,-4.994999999999951,0.30999999995146804
19,540.01,0,6696,0,nan,0.0,0.0871875,0.012000000000057298,0.004000000000019099,-6.999981990551534,-4.974999999999962,0.30999999995146804
20,540.061,0,8166,0,nan,0.0,0.106328125,0.0049999999999954525,0.0049999999999954525,-6.999982099151223,-4.944999999999979,0.30999999995146804
21,540.11,0,8764,0,nan,0.0,0.11411458333333334,0.014000000000010004,0.004000000000019099,-6.999982171551016,-4.92499999999999,0.30999999995146804
22,540.16,0,13569,0,nan,0.0,0.1766796875,0.0019999999999527063,0.004000000000019099,-6.999982262050757,-4.900000000000004,0.30999999995146804
23,540.21,0,7241,0,nan,0.0,0.09428385416666667,0.01599999999996271,0.004000000000019099,-6.999982352550498,-4.875000000000018,0.30999999995146804
24,540.261,0,8535,0,nan,0.0,0.1111328125,0.0009999999999763531,0.0049999999999954525,-6.9999824611501875,-4.845000000000034,0.30999999995146804
25,540.311,0,10820,0,nan,0.0,0.14088541666666668,0.016999999999939064,0.0049999999999954525,-6.9999825516499286,-4.820000000000048,0.30999999995146804
26,540.361,0,8091,0,nan,0.0,0.1053515625,0.0009999999999763531,0.0049999999999954525,-6.99998264214967,-4.795000000000062,0.30999999995146804
27,540.411,0,9677,0,nan,0.0,0.12600260416666667,0.014999999999986358,0.0049999999999954525,-6.999982714549462,-4.775000000000073,0.30999999995146804
28,540.46,0,14146,0,nan,0.0,0.18419270833333334,0.004000000000019099,0.004000000000019099,-6.9999828050492034,-4.750000000000087,0.30999999995146804
29,540.51,0,9769,0,nan,0.0,0.12720052083333333,0.011999999999943611,0.004000000000019099,-6.9999828955489445,-4.725000000000101,0.30999999995146804
30,540.56,0,5541,0,nan,0.0,0.0721484375,0.0060000000000854925,0.0039999999999054126,-6.9999829860486855,-4.700000000000115,0.30999999995146804
31,540.611,0,7394,0,nan,0.0,0.09627604166666667,0.010999999999967258,0.0049999999999954525,-6.999983094648375,-4.670000000000131,0.30999999995146804
32,540.66,0,10575,0,nan,0.0,0.1376953125,0.008000000000038199,0.004000000000019099,-6.999983167048168,-4.6500000000001425,0.30999999995146804
33,540.71,0,10149,0,nan,0.0,0.1321484375,0.008000000000038199,0.004000000000019099,-6.999983257547909,-4.625000000000156,0.30999999995146804
34,540.761,0,14598,0,nan,0.0,0.190078125,0.009000000000014552,0.0049999999999954525,-6.999983366147598,-4.595000000000173,0.30999999995146804
35,540.81,0,8023,0,nan,0.0,0.10446614583333333,0.005999999999971806,0.0039999999999054126,-6.999983438547391,-4.575000000000184,0.30999999995146804
36,540.862,0,8658,0,nan,0.0,0.112734375,0.009999999999990905,0.004000000000019099,-6.99998354714708,-4.545000000000201,0.30999999995146804
37,540.91,0,6772,0,nan,0.0,0.08817708333333334,0.004000000000019099,0.004000000000019099,-6.999983619546873,-4.525000000000212,0.30999999995146804
38,540.96,0,7711,0,nan,0.0,0.10040364583333333,0.014000000000010004,0.004000000000019099,-6.999983710046614,-4.500000000000226,0.30999999995146804
39,541.01,0,8354,0,nan,0.0,0.10877604166666667,0.0019999999999527063,0.004000000000019099,-6.999983800546355,-4.4750000000002395,0.30999999995146804
40,541.061,0,16698,0,nan,0.0,0.217421875,0.014999999999986358,0.0049999999999954525,-6.999983909146044,-4.445000000000256,0.30999999995146804
41,541.111,0,12866,0,nan,0.0,0.16752604166666665,0.0009999999999763531,0.0049999999999954525,-6.999983999645785,-4.42000000000027,0.30999999995146804
42,541.16,0,7496,0,nan,0.0,0.09760416666666667,0.01599999999996271,0.004000000000019099,-6.999984072045578,-4.400000000000281,0.30999999995146804
43,541.21,0,12340,0,nan,0.0,0.16067708333333333,0.0019999999999527063,0.004000000000019099,-6.999984162545319,-4.375000000000295,0.30999999995146804
44,541.261,0,6966,0,nan,0.0,0.090703125,0.014999999999986358,0.0049999999999954525,-6.999984271145008,-4.3450000000003115,0.30999999995146804
45,541.311,0,11678,0,nan,0.0,0.15205729166666668,0.0029999999999290594,0.0049999999999954525,-6.999984361644749,-4.320000000000325,0.30999999995146804
46,541.361,0,16009,0,nan,0.0,0.20845052083333335,0.013000000000033651,0.0049999999999954525,-6.99998445214449,-4.295000000000339,0.30999999995146804
47,541.41,0,15101,0,nan,0.0,0.19662760416666666,0.0060000000000854925,0.004000000000019099,-6.999984524544283,-4.27500000000035,0.30999999995146804
48,541.46,0,16968,0,nan,0.0,0.2209375,0.009999999999990905,0.004000000000019099,-6.999984615044024,-4.250000000000364,0.30999999995146804
49,541.512,0,29297,0,nan,0.0,0.38147135416666667,0.0060000000000854925,0.004000000000019099,-6.999984723643713,-4.220000000000381,0.30999999995146804
50,541.56,0,7557,0,nan,0.0,0.0983984375,0.007999999999924512,0.0039999999999054126,-6.999984796043506,-4.200000000000392,0.30999999995146804
51,541.61,0,5491,0,nan,0.0,0.07149739583333334,0.009999999999990905,0.004000000000019099,-6.999984886543247,-4.175000000000406,0.30999999995146804
52,541.66,0,7024,0,nan,0.0,0.09145833333333334,0.005999999999971806,0.004000000000019099,-6.999984977042988,-4.15000000000042,0.30999999995146804
53,541.71,0,9485,0,nan,0.0,0.12350260416666667,0.011999999999943611,0.004000000000019099,-6.999985067542729,-4.125000000000433,0.30999999995146804
54,541.76,0,8178,0,nan,0.0,0.106484375,0.004000000000019099,0.004000000000019099,-6.99998515804247,-4.100000000000447,0.30999999995146804
55,541.81,0,7074,0,nan,0.0,0.092109375,0.014000000000010004,0.0039999999999054126,-6.999985248542211,-4.075000000000461,0.30999999995146804
56,541.86,0,12401,0,nan,0.0,0.16147135416666666,0.002000000000066393,0.004000000000019099,-6.999985339041952,-4.050000000000475,0.30999999995146804
57,541.91,0,12947,0,nan,0.0,0.16858072916666667,0.016000000000076398,0.004000000000019099,-6.9999854295416934,-4.025000000000489,0.30999999995146804
58,541.96,0,13929,0,nan,0.0,0.1813671875,0.0,0.004000000000019099,-6.9999855200414345,-4.000000000000503,0.30999999995146804
59,542.011,0,7043,0,nan,0.0,0.09170572916666667,0.016999999999939064,0.0049999999999954525,-6.999985628641124,-3.9700000000004927,0.30999999995146804
60,542.06,0,10116,0,nan,0.0,0.13171875,0.002000000000066393,0.0039999999999054126,-6.9999857010409166,-3.950000000000486,0.30999999995146804
61,542.11,0,13912,0,nan,0.0,0.18114583333333334,0.014000000000010004,0.004000000000019099,-6.999985791540658,-3.9250000000004777,0.30999999995146804
62,542.16,0,14599,0,nan,0.0,0.19009114583333334,0.004000000000019099,0.004000000000019099,-6.999985882040399,-3.9000000000004693,0.30999999995146804
63,542.21,0,15802,0,nan,0.0,0.20575520833333333,0.012000000000057298,0.004000000000019099,-6.99998597254014,-3.875000000000461,0.30999999995146804
64,542.262,0,14846,0,nan,0.0,0.19330729166666666,0.004000000000019099,0.004000000000019099,-6.999986081139829,-3.845000000000451,0.30999999995146804
65,542.31,0,29011,0,nan,0.0,0.37774739583333333,0.009999999999990905,0.0039999999999054126,-6.999986153539622,-3.8250000000004443,0.30999999995146804
66,542.361,0,30126,0,nan,0.0,0.392265625,0.007000000000061846,0.0049999999999954525,-6.999986262139311,-3.7950000000004342,0.30999999995146804
67,542.41,0,28946,0,nan,0.0,0.37690104166666666,0.007999999999924512,0.004000000000019099,-6.999986334539104,-3.7750000000004276,0.30999999995146804
68,542.46,0,14437,0,nan,0.0,0.18798177083333334,0.009999999999990905,0.004000000000019099,-6.999986425038845,-3.750000000000419,0.30999999995146804
69,542.51,0,28890,0,nan,0.0,0.376171875,0.005999999999971806,0.004000000000019099,-6.999986515538586,-3.725000000000411,0.30999999995146804
70,542.56,0,14893,0,nan,0.0,0.19391927083333332,0.012000000000057298,0.0039999999999054126,-6.999986606038327,-3.7000000000004025,0.30999999995146804
71,542.611,0,10372,0,nan,0.0,0.13505208333333332,0.0049999999999954525,0.0049999999999954525,-6.999986714638016,-3.6700000000003925,0.30999999995146804
72,542.66,0,10313,0,nan,0.0,0.13428385416666666,0.014000000000010004,0.004000000000019099,-6.999986787037809,-3.650000000000386,0.30999999995146804
73,542.71,0,9234,0,nan,0.0,0.120234375,0.002000000000066393,0.004000000000019099,-6.99998687753755,-3.6250000000003775,0.30999999995146804
74,542.76,0,13761,0,nan,0.0,0.1791796875,0.01599999999996271,0.004000000000019099,-6.999986968037291,-3.600000000000369,0.30999999995146804
75,542.81,0,11525,0,nan,0.0,0.15006510416666666,0.0,0.0039999999999054126,-6.999987058537032,-3.575000000000361,0.30999999995146804
76,542.86,0,14014,0,nan,0.0,0.18247395833333332,0.01599999999996271,0.004000000000019099,-6.999987149036773,-3.5500000000003524,0.30999999995146804
77,542.91,0,6993,0,nan,0.0,0.0910546875,0.002000000000066393,0.004000000000019099,-6.999987239536514,-3.525000000000344,0.30999999995146804
78,542.96,0,8309,0,nan,0.0,0.10819010416666666,0.014000000000010004,0.004000000000019099,-6.999987330036255,-3.5000000000003357,0.30999999995146804
79,543.01,0,9715,0,nan,0.0,0.12649739583333333,0.004000000000019099,0.004000000000019099,-6.999987420535996,-3.4750000000003274,0.30999999995146804
80,543.06,0,12570,0,nan,0.0,0.163671875,0.011999999999943611,0.0039999999999054126,-6.999987511035737,-3.450000000000319,0.30999999995146804
81,543.11,0,15908,0,nan,0.0,0.20713541666666666,0.005999999999971806,0.004000000000019099,-6.999987601535478,-3.4250000000003107,0.30999999995146804
82,543.161,0,10020,0,nan,0.0,0.13046875,0.010999999999967258,0.0049999999999954525,-6.999987692035219,-3.4000000000003023,0.30999999995146804
83,543.211,0,10518,0,nan,0.0,0.136953125,0.006999999999948159,0.0049999999999954525,-6.9999878006349086,-3.3700000000002923,0.30999999995146804
84,543.26,0,6829,0,nan,0.0,0.08891927083333333,0.008000000000038199,0.004000000000019099,-6.999987873034701,-3.3500000000002856,0.30999999995146804
85,543.31,0,8781,0,nan,0.0,0.1143359375,0.010000000000104592,0.0039999999999054126,-6.999987963534442,-3.3250000000002773,0.30999999995146804
86,543.36,0,9191,0,nan,0.0,0.11967447916666667,0.005999999999971806,0.004000000000019099,-6.9999880540341834,-3.300000000000269,0.30999999995146804
87,543.41,0,9701,0,nan,0.0,0.12631510416666666,0.012000000000057298,0.004000000000019099,-6.9999881445339245,-3.2750000000002606,0.30999999995146804
88,543.46,0,9473,0,nan,0.0,0.12334635416666667,0.004000000000019099,0.004000000000019099,-6.9999882350336655,-3.2500000000002522,0.30999999995146804
89,543.51,0,7499,0,nan,0.0,0.09764322916666666,0.014000000000010004,0.004000000000019099,-6.9999883255334066,-3.225000000000244,0.30999999995146804
90,543.56,0,6671,0,nan,0.0,0.08686197916666667,0.0019999999999527063,0.0039999999999054126,-6.999988416033148,-3.2000000000002355,0.30999999995146804
91,543.61,0,7020,0,nan,0.0,0.09140625,0.01599999999996271,0.004000000000019099,-6.999988506532889,-3.175000000000227,0.30999999995146804
92,543.66,0,8061,0,nan,0.0,0.1049609375,0.0,0.004000000000019099,-6.99998859703263,-3.150000000000219,0.30999999995146804
93,543.71,0,14261,0,nan,0.0,0.18569010416666668,0.016000000000076398,0.004000000000019099,-6.999988687532371,-3.1250000000002105,0.30999999995146804
94,543.76,0,6872,0,nan,0.0,0.08947916666666667,0.0019999999999527063,0.004000000000019099,-6.999988778032112,-3.100000000000202,0.30999999995146804
95,543.811,0,8392,0,nan,0.0,0.10927083333333333,0.014999999999986358,0.0049999999999954525,-6.999988886631801,-3.070000000000192,0.30999999995146804
96,543.86,0,6562,0,nan,0.0,0.08544270833333334,0.004000000000019099,0.004000000000019099,-6.999988959031594,-3.0500000000001855,0.30999999995146804
97,543.91,0,6009,0,nan,0.0,0.0782421875,0.011999999999943611,0.004000000000019099,-6.999989049531335,-3.025000000000177,0.30999999995146804
98,543.96,0,16101,0,nan,0.0,0.2096484375,0.005999999999971806,0.004000000000019099,-6.999989140031076,-3.0000000000001688,0.30999999995146804
99,544.01,0,5675,0,nan,0.0,0.07389322916666667,0.009999999999990905,0.004000000000019099,-6.999989230530817,-2.9750000000001604,0.30999999995146804
100,544.061,0,7696,0,nan,0.0,0.10020833333333333,0.006999999999948159,0.0049999999999954525,-6.999989339130506,-2.9450000000001504,0.30999999995146804
101,544.112,0,6590,0,nan,0.0,0.08580729166666666,0.009999999999990905,0.004000000000019099,-6.999989429630247,-2.920000000000142,0.30999999995146804
102,544.16,0,10387,0,nan,0.0,0.13524739583333334,0.009999999999990905,0.004000000000019099,-6.99998950203004,-2.9000000000001354,0.30999999995146804
103,544.21,0,9814,0,nan,0.0,0.12778645833333332,0.0060000000000854925,0.004000000000019099,-6.999989592529781,-2.875000000000127,0.30999999995146804
104,544.26,0,9977,0,nan,0.0,0.12990885416666667,0.012000000000057298,0.004000000000019099,-6.999989683029522,-2.8500000000001187,0.30999999995146804
105,544.31,0,8910,0,nan,0.0,0.116015625,0.0039999999999054126,0.0039999999999054126,-6.999989773529263,-2.8250000000001103,0.30999999995146804
106,544.36,0,7824,0,nan,0.0,0.101875,0.014000000000010004,0.004000000000019099,-6.999989864029004,-2.800000000000102,0.30999999995146804
107,544.41,0,10026,0,nan,0.0,0.130546875,0.0019999999999527063,0.004000000000019099,-6.999989954528745,-2.7750000000000936,0.30999999995146804
108,544.46,0,9452,0,nan,0.0,0.12307291666666667,0.01599999999996271,0.004000000000019099,-6.999990045028486,-2.7500000000000853,0.30999999995146804
109,544.511,0,8182,0,nan,0.0,0.10653645833333333,0.0009999999999763531,0.0049999999999954525,-6.9999901536281754,-2.7200000000000752,0.30999999995146804
110,544.561,0,10586,0,nan,0.0,0.13783854166666668,0.016999999999939064,0.0049999999999954525,-6.9999902441279165,-2.695000000000067,0.30999999995146804
111,544.61,0,10641,0,nan,0.0,0.1385546875,0.0019999999999527063,0.004000000000019099,-6.999990316527709,-2.67500000000006,0.30999999995146804
112,544.66,0,13994,0,nan,0.0,0.18221354166666667,0.014000000000010004,0.004000000000019099,-6.99999040702745,-2.650000000000052,0.30999999995146804
113,544.71,0,8305,0,nan,0.0,0.10813802083333333,0.004000000000019099,0.004000000000019099,-6.999990497527191,-2.6250000000000435,0.30999999995146804
114,544.761,0,11926,0,nan,0.0,0.15528645833333332,0.012999999999919964,0.0049999999999954525,-6.999990606126881,-2.5950000000000335,0.30999999995146804
115,544.81,0,8409,0,nan,0.0,0.1094921875,0.0060000000000854925,0.0039999999999054126,-6.9999906785266734,-2.575000000000027,0.30999999995146804
116,544.86,0,7368,0,nan,0.0,0.0959375,0.009999999999990905,0.004000000000019099,-6.9999907690264145,-2.5500000000000185,0.30999999995146804
117,544.91,0,8104,0,nan,0.0,0.10552083333333333,0.008000000000038199,0.004000000000019099,-6.9999908595261555,-2.52500000000001,0.30999999995146804
118,544.96,0,11437,0,nan,0.0,0.14891927083333334,0.008000000000038199,0.004000000000019099,-6.9999909500258966,-2.5000000000000018,0.30999999995146804
119,545.01,0,11233,0,nan,0.0,0.14626302083333334,0.009999999999990905,0.004000000000019099,-6.999991040525638,-2.4749999999999934,0.30999999995146804
120,545.06,0,6794,0,nan,0.0,0.08846354166666667,0.005999999999971806,0.0039999999999054126,-6.999991131025379,-2.449999999999985,0.30999999995146804
121,545.11,0,6844,0,nan,0.0,0.08911458333333333,0.011999999999943611,0.004000000000019099,-6.99999122152512,-2.4249999999999767,0.30999999995146804
122,545.16,0,7195,0,nan,0.0,0.09368489583333334,0.004000000000019099,0.004000000000019099,-6.999991312024861,-2.3999999999999684,0.30999999995146804
123,545.21,0,8403,0,nan,0.0,0.1094140625,0.014000000000010004,0.004000000000019099,-6.999991402524602,-2.37499999999996,0.30999999995146804
124,545.261,0,6089,0,nan,0.0,0.07928385416666667,0.0029999999999290594,0.0049999999999954525,-6.999991511124291,-2.34499999999995,0.30999999995146804
125,545.31,0,6606,0,nan,0.0,0.086015625,0.016000000000076398,0.0039999999999054126,-6.999991583524084,-2.3249999999999433,0.30999999995146804
126,545.36,0,9680,0,nan,0.0,0.12604166666666666,0.0,0.004000000000019099,-6.999991674023825,-2.299999999999935,0.30999999995146804
127,545.411,0,5686,0,nan,0.0,0.07403645833333333,0.016999999999939064,0.0049999999999954525,-6.999991764523566,-2.2749999999999266,0.30999999995146804
128,545.46,0,14543,0,nan,0.0,0.18936197916666667,0.0019999999999527063,0.004000000000019099,-6.999991855023307,-2.2499999999999183,0.30999999995146804
129,545.51,784,6723,0,0.0,0.0,0.0875390625,0.014000000000010004,0.004000000000019099,-6.999991945523048,-2.22499999999991,0.30999999995146804
130,545.56,784,6507,0,0.0,0.0,0.0847265625,0.004000000000019099,0.0039999999999054126,-6.999992036022789,-2.1999999999999016,0.30999999995146804
131,545.61,812,11133,0,0.0,0.0,0.1449609375,0.012000000000057298,0.004000000000019099,-6.99999212652253,-2.1749999999998932,0.30999999995146804
132,545.66,840,7157,0,0.0,0.0,0.09319010416666666,0.0060000000000854925,0.004000000000019099,-6.999992217022271,-2.149999999999885,0.30999999995146804
133,545.71,869,11641,0,0.0,0.0,0.15157552083333334,0.009999999999990905,0.004000000000019099,-6.999992307522012,-2.1249999999998765,0.30999999995146804
134,545.76,869,9793,0,0.0,0.0,0.12751302083333332,0.008000000000038199,0.004000000000019099,-6.999992398021753,-2.099999999999868,0.30999999995146804
135,545.81,869,10330,0,0.0,0.0,0.13450520833333332,0.007999999999924512,0.0039999999999054126,-6.999992488521494,-2.07499999999986,0.30999999995146804
136,545.86,898,21260,0,0.0,0.0,0.27682291666666664,0.009999999999990905,0.004000000000019099,-6.999992579021235,-2.0499999999998515,0.30999999995146804
137,545.91,898,25992,0,0.0,0.0,0.3384375,0.005999999999971806,0.004000000000019099,-6.999992669520976,-2.024999999999843,0.30999999995146804
138,545.96,927,14739,0,0.0,0.0,0.1919140625,0.011999999999943611,0.004000000000019099,-6.999992760020717,-1.999999999999835,0.30999999995146804
139,546.01,927,11305,0,0.0,0.0,0.14720052083333332,0.004000000000019099,0.004000000000019099,-6.999992850520458,-1.9749999999998378,0.30999999995146804
140,546.06,986,11173,0,0.0,0.0,0.14548177083333333,0.014000000000010004,0.0039999999999054126,-6.999992941020199,-1.9499999999998405,0.30999999995146804
141,546.11,986,14693,0,0.0,0.0,0.19131510416666667,0.002000000000066393,0.004000000000019099,-6.99999303151994,-1.9249999999998433,0.30999999995146804
142,546.161,1016,9580,0,0.0,0.0,0.12473958333333333,0.015000000000100044,0.0049999999999954525,-6.999993122019681,-1.899999999999846,0.30999999995146804
143,546.211,1016,8261,0,0.0,0.0,0.10756510416666666,0.0009999999999763531,0.0049999999999954525,-6.999993230619371,-1.8699999999998493,0.30999999995146804
144,546.26,1046,9731,0,0.0,0.0,0.12670572916666667,0.01599999999996271,0.004000000000019099,-6.9999933030191634,-1.8499999999998515,0.30999999995146804
145,546.31,1078,9413,0,0.0,0.0,0.12256510416666666,0.002000000000066393,0.0039999999999054126,-6.9999933935189045,-1.8249999999998543,0.30999999995146804
146,546.36,1109,8306,0,0.0,0.0,0.10815104166666667,0.014000000000010004,0.004000000000019099,-6.9999934840186455,-1.799999999999857,0.30999999995146804
147,546.41,1112,10387,0,0.0,0.0,0.13524739583333334,0.004000000000019099,0.004000000000019099,-6.9999935745183866,-1.7749999999998598,0.30999999995146804
148,546.46,1144,13171,0,0.0,0.0,0.17149739583333334,0.012000000000057298,0.004000000000019099,-6.999993665018128,-1.7499999999998626,0.30999999995146804
149,546.51,1144,6555,0,0.0,0.0,0.0853515625,0.005999999999971806,0.004000000000019099,-6.999993755517869,-1.7249999999998653,0.30999999995146804
150,546.561,1176,12961,0,0.0,0.0,0.16876302083333333,0.011000000000080945,0.0049999999999954525,-6.999993864117558,-1.6949999999998686,0.30999999995146804
151,546.61,1147,7601,0,0.0,0.0,0.09897135416666666,0.008000000000038199,0.004000000000019099,-6.999993936517351,-1.6749999999998708,0.30999999995146804
152,546.66,1179,9642,0,0.0,0.0,0.125546875,0.007999999999924512,0.004000000000019099,-6.999994027017092,-1.6499999999998736,0.30999999995146804
153,546.71,1179,14850,0,0.0,0.0,0.193359375,0.009999999999990905,0.004000000000019099,-6.999994117516833,-1.6249999999998763,0.30999999995146804
154,546.76,1244,19811,0,0.0,0.0,0.25795572916666665,0.005999999999971806,0.004000000000019099,-6.999994208016574,-1.599999999999879,0.30999999995146804
155,546.811,1215,8753,0,0.0,0.0,0.11397135416666666,0.010999999999967258,0.0049999999999954525,-6.999994316616263,-1.5699999999998824,0.30999999995146804
156,546.86,1248,7279,0,0.0,0.0,0.09477864583333333,0.004000000000019099,0.004000000000019099,-6.999994389016056,-1.5499999999998846,0.30999999995146804
157,546.91,1248,7619,0,0.0,0.0,0.09920572916666667,0.014000000000010004,0.004000000000019099,-6.999994479515797,-1.5249999999998873,0.30999999995146804
158,546.961,1317,9390,0,0.0,0.0,0.122265625,0.0030000000000427463,0.0049999999999954525,-6.999994588115486,-1.4949999999998906,0.30999999995146804
159,547.011,1320,8713,0,0.0,0.0,0.11345052083333333,0.014999999999986358,0.0049999999999954525,-6.999994678615227,-1.4699999999998934,0.30999999995146804
160,547.06,1354,12715,0,0.0,0.0,0.16555989583333333,0.0,0.0039999999999054126,-6.99999475101502,-1.4499999999998956,0.30999999995146804
161,547.111,1389,17104,0,0.0,0.0,0.22270833333333334,0.016999999999939064,0.0049999999999954525,-6.999994859614709,-1.419999999999899,0.30999999995146804
162,547.16,1357,17649,0,0.0,0.0,0.2298046875,0.002000000000066393,0.004000000000019099,-6.999994932014502,-1.399999999999901,0.30999999995146804
163,547.21,1392,18382,0,0.0,0.0,0.23934895833333333,0.014000000000010004,0.004000000000019099,-6.999995022514243,-1.3749999999999039,0.30999999995146804
164,547.26,1427,17923,0,0.0,0.0,0.23337239583333333,0.004000000000019099,0.004000000000019099,-6.999995113013984,-1.3499999999999066,0.30999999995146804
165,547.31,1427,17169,0,0.0,0.0,0.2235546875,0.011999999999943611,0.0039999999999054126,-6.999995203513725,-1.3249999999999094,0.30999999995146804
166,547.36,1466,18877,0,0.0,0.0,0.24579427083333333,0.005999999999971806,0.004000000000019099,-6.999995294013466,-1.2999999999999121,0.30999999995146804
167,547.41,1502,18497,0,0.0,0.0,0.24084635416666667,0.009999999999990905,0.004000000000019099,-6.999995384513207,-1.2749999999999149,0.30999999995146804
168,547.46,1502,36571,0,0.0,0.0,0.47618489583333334,0.007999999999924512,0.004000000000019099,-6.999995475012948,-1.2499999999999176,0.30999999995146804
169,547.51,1545,18285,0,0.0,0.0,0.2380859375,0.008000000000038199,0.004000000000019099,-6.999995565512689,-1.2249999999999204,0.30999999995146804
170,547.561,1581,40726,0,0.0,0.0,0.5302864583333333,0.009000000000014552,0.0049999999999954525,-6.9999956741123786,-1.1949999999999237,0.30999999995146804
171,547.61,1618,11747,0,0.0,0.0,0.15295572916666667,0.005999999999971806,0.004000000000019099,-6.999995746512171,-1.1749999999999259,0.30999999995146804
172,547.66,1623,17107,0,0.0,0.0,0.22274739583333333,0.012000000000057298,0.004000000000019099,-6.999995837011912,-1.1499999999999286,0.30999999995146804
173,547.71,1661,35980,0,0.0,0.0,0.46848958333333335,0.004000000000019099,0.004000000000019099,-6.9999959275116534,-1.1249999999999314,0.30999999995146804
174,547.76,1699,18119,0,0.0,0.0,0.23592447916666667,0.014000000000010004,0.004000000000019099,-6.9999960180113945,-1.0999999999999341,0.30999999995146804
175,547.811,1666,14327,0,0.0,0.0,0.18654947916666667,0.0030000000000427463,0.0049999999999954525,-6.999996126611084,-1.0699999999999374,0.30999999995146804
176,547.86,1741,8528,0,0.0,0.0,0.11104166666666666,0.01599999999996271,0.004000000000019099,-6.9999961990108766,-1.0499999999999396,0.30999999995146804
177,547.912,1780,5159,0,0.0,0.0,0.06717447916666666,0.002000000000066393,0.004000000000019099,-6.999996307610566,-1.019999999999943,0.30999999995146804
178,547.96,1784,5681,0,0.0,0.0,0.07397135416666667,0.016000000000076398,0.004000000000019099,-6.999996380010359,-0.9999999999999452,0.30999999995146804
179,548.01,1865,5768,0,0.0,0.0,0.07510416666666667,0.0019999999999527063,0.004000000000019099,-6.9999964705101,-0.9749999999999479,0.30999999995146804
180,548.06,1865,14385,0,0.0,0.0,0.1873046875,0.013999999999896318,0.0039999999999054126,-6.999996561009841,-0.9499999999999507,0.30999999995146804
181,548.111,1911,15667,0,0.0,0.0,0.20399739583333334,0.0030000000000427463,0.0049999999999954525,-6.99999666960953,-0.919999999999954,0.30999999995146804
182,548.16,1952,8020,0,0.0,0.0,0.10442708333333334,0.011999999999943611,0.004000000000019099,-6.999996742009323,-0.8999999999999562,0.30999999995146804
183,548.211,1957,8781,0,0.0,0.0,0.1143359375,0.0049999999999954525,0.0049999999999954525,-6.999996850609012,-0.8699999999999595,0.30999999995146804
184,548.26,1998,8428,0,0.0,0.0,0.10973958333333333,0.009999999999990905,0.004000000000019099,-6.999996923008805,-0.8499999999999617,0.30999999995146804
185,548.31,2082,9437,0,0.0,0.0,0.12287760416666667,0.008000000000038199,0.0039999999999054126,-6.999997013508546,-0.8249999999999644,0.30999999995146804
186,548.361,2088,8199,0,0.0,0.0,0.1067578125,0.009000000000014552,0.0049999999999954525,-6.999997122108235,-0.7949999999999677,0.30999999995146804
187,548.41,2173,5817,0,0.0,0.0,0.0757421875,0.009999999999990905,0.004000000000019099,-6.999997194508028,-0.7749999999999699,0.30999999995146804
188,548.46,2178,6819,0,0.0,0.0,0.0887890625,0.0060000000000854925,0.004000000000019099,-6.999997285007769,-0.7499999999999727,0.30999999995146804
189,548.511,2266,8340,0,0.0,0.0,0.10859375,0.011000000000080945,0.0049999999999954525,-6.999997393607458,-0.719999999999976,0.30999999995146804
190,548.561,2310,7123,0,0.0,0.0,0.09274739583333333,0.0049999999999954525,0.0049999999999954525,-6.999997484107199,-0.6949999999999787,0.30999999995146804
191,548.61,2316,8066,0,0.0,0.0,0.10502604166666667,0.014000000000010004,0.004000000000019099,-6.999997556506992,-0.674999999999981,0.30999999995146804
192,548.661,2404,10036,0,0.0,0.0,0.13067708333333333,0.0029999999999290594,0.0049999999999954525,-6.999997647006733,-0.6499999999999837,0.30999999995146804
193,548.71,2410,12301,0,0.0,0.0,0.16016927083333332,0.01599999999996271,0.004000000000019099,-6.999997737506474,-0.6249999999999865,0.30999999995146804
194,548.76,2503,6887,0,0.0,0.0,0.08967447916666667,0.0,0.004000000000019099,-6.999997828006215,-0.5999999999999892,0.30999999995146804
195,548.81,2513,7304,0,0.0,0.0,0.09510416666666667,0.01599999999996271,0.0039999999999054126,-6.999997918505956,-0.574999999999992,0.30999999995146804
196,548.86,2602,5555,0,0.0,0.0,0.07233072916666666,0.0019999999999527063,0.004000000000019099,-6.999998009005697,-0.5499999999999947,0.30999999995146804
197,548.911,2606,3789,0,0.0,0.0,0.0493359375,0.014999999999986358,0.0049999999999954525,-6.999998099505438,-0.5249999999999975,0.30999999995146804
198,548.96,2653,8289,0,0.0,0.0,0.1079296875,0.004000000000019099,0.004000000000019099,-6.999998190005179,-0.5000000000000002,0.30999999995146804
199,549.01,2707,8373,0,0.0,0.0,0.1090234375,0.011999999999943611,0.004000000000019099,-6.99999828050492,-0.4750000000000002,0.30999999995146804
200,549.06,2855,6868,0,0.0,0.0,0.08942708333333334,0.0060000000000854925,0.0039999999999054126,-6.999998371004661,-0.4500000000000002,0.30999999995146804
201,549.11,2862,6122,0,0.0,0.0,0.07971354166666667,0.009999999999990905,0.004000000000019099,-6.999998461504402,-0.42500000000000016,0.30999999995146804
202,549.16,2961,5905,3,0.0010131712259371835,0.0005080440304826418,0.07688802083333333,0.008000000000038199,0.004000000000019099,-6.9999985520041434,-0.40000000000000013,0.30999999995146804
203,549.21,2969,7475,0,0.0,0.0,0.09733072916666667,0.008000000000038199,0.004000000000019099,-6.9999986425038845,-0.3750000000000001,0.30999999995146804
204,549.262,3120,8346,0,0.0,0.0,0.108671875,0.008000000000038199,0.004000000000019099,-6.999998751103574,-0.3450000000000001,0.30999999995146804
205,549.31,3126,4827,0,0.0,0.0,0.0628515625,0.005999999999971806,0.0039999999999054126,-6.9999988235033666,-0.32500000000000007,0.30999999995146804
206,549.36,3232,2962,0,0.0,0.0,0.03856770833333333,0.011999999999943611,0.004000000000019099,-6.999998914003108,-0.30000000000000004,0.30999999995146804
207,549.411,3344,12078,16,0.004784688995215311,0.001324722636198046,0.157265625,0.0049999999999954525,0.0049999999999954525,-6.999999004502849,-0.275,0.30999999995146804
208,549.46,3397,7348,0,0.0,0.0,0.09567708333333333,0.014000000000010004,0.004000000000019099,-6.99999909500259,-0.25,0.30999999995146804
209,549.51,3471,11366,1161,0.334485738980121,0.10214675347527714,0.14799479166666665,0.0019999999999527063,0.004000000000019099,-6.999999185502331,-0.22499999999999998,0.30999999995146804
210,549.561,3563,7949,40,0.011226494527083918,0.005032079506856208,0.10350260416666666,0.014999999999986358,0.0049999999999954525,-6.99999929410202,-0.19499999999999995,0.30999999995146804
211,549.611,3688,15681,3687,0.9997288503253796,0.23512531088578534,0.2041796875,0.0009999999999763531,0.0049999999999954525,-6.999999384601761,-0.16999999999999993,0.30999999995146804
212,549.66,3751,29682,3751,1.0,0.1263728859241291,0.386484375,0.01599999999996271,0.004000000000019099,-6.999999457001554,-0.1499999999999999,0.30999999995146804
213,549.71,3816,29762,3816,1.0,0.12821718970499293,0.38752604166666665,0.0019999999999527063,0.004000000000019099,-6.999999547501295,-0.12499999999999989,0.30999999995146804
214,549.761,3986,17968,3986,1.0,0.22183882457702583,0.23395833333333332,0.014999999999986358,0.0049999999999954525,-6.999999656100984,-0.09499999999999986,0.30999999995146804
215,549.811,4058,14251,31,0.007639231148348941,0.0021752859448459757,0.18555989583333332,0.0029999999999290594,0.0049999999999954525,-6.999999746600725,-0.06999999999999984,0.30999999995146804
216,549.86,4183,29934,4182,0.9997609371264643,0.13970735618360394,0.389765625,0.012000000000057298,0.004000000000019099,-6.999999819000518,-0.04999999999999982,0.30999999995146804
217,549.91,4301,17034,4300,0.9997674959311788,0.25243630386286253,0.221796875,0.0060000000000854925,0.004000000000019099,-6.999999909500259,-0.0249999999999998,0.30999999995146804
218,549.96,4429,35248,4429,1.0,0.1256525192918747,0.45895833333333336,0.009999999999990905,0.004000000000019099,-7.0,2.185751579730777e-16,0.30999999995146804
219,550.012,4564,26443,4564,1.0,0.17259766289755324,0.3443098958333333,0.0060000000000854925,0.004000000000019099,-7.000000108599689,0.030000000000000242,0.30999999995146804
220,550.06,4636,26632,4636,1.0,0.17407629918894563,0.3467708333333333,0.007999999999924512,0.0039999999999054126,-7.000000180999482,0.05000000000000026,0.30999999995146804
221,550.11,4760,26881,4760,1.0,0.1770767456567836,0.35001302083333335,0.009999999999990905,0.004000000000019099,-7.000000271499223,0.07500000000000027,0.30999999995146804
222,550.161,4897,25629,2487,0.5078619562997754,0.09703851106168793,0.3337109375,0.006999999999948159,0.0049999999999954525,-7.000000361998964,0.1000000000000003,0.30999999995146804
223,550.21,5040,14906,5038,0.9996031746031746,0.3379847041459815,0.19408854166666667,0.011999999999943611,0.004000000000019099,-7.000000452498705,0.1250000000000003,0.30999999995146804
224,550.261,5242,16206,5242,1.0,0.32346044674811797,0.211015625,0.0049999999999954525,0.0049999999999954525,-7.000000561098394,0.15500000000000033,0.30999999995146804
225,550.31,5386,13031,5386,1.0,0.4133220781214028,0.16967447916666667,0.014000000000010004,0.0039999999999054126,-7.000000633498187,0.17500000000000035,0.30999999995146804
226,550.36,5587,9587,5587,1.0,0.5827683321164077,0.12483072916666667,0.002000000000066393,0.004000000000019099,-7.000000723997928,0.20000000000000037,0.30999999995146804
227,550.411,5599,14670,5598,0.9998213966779782,0.3815950920245399,0.191015625,0.015000000000100044,0.0049999999999954525,-7.000000814497669,0.2250000000000004,0.30999999995146804
228,550.461,5605,10038,5605,1.0,0.5583781629806734,0.130703125,0.0009999999999763531,0.0049999999999954525,-7.0000009230973586,0.2550000000000004,0.30999999995146804
229,550.51,5615,10712,5615,1.0,0.5241784914115011,0.13947916666666665,0.01599999999996271,0.004000000000019099,-7.000000995497151,0.2750000000000004,0.30999999995146804
230,550.561,5621,13803,5621,1.0,0.40723031225095996,0.1797265625,0.0009999999999763531,0.0049999999999954525,-7.000001104096841,0.30500000000000044,0.30999999995146804
231,550.61,5623,9245,5622,0.999822158989863,0.6081124932395889,0.12037760416666667,0.014000000000010004,0.004000000000019099,-7.0000011764966334,0.32500000000000046,0.30999999995146804
232,550.66,5656,27396,5654,0.9996463932107497,0.20638049350270113,0.35671875,0.004000000000019099,0.004000000000019099,-7.0000012669963745,0.3500000000000005,0.30999999995146804
233,550.711,5623,27342,5623,1.0,0.20565430473264576,0.356015625,0.013000000000033651,0.0049999999999954525,-7.000001375596064,0.3800000000000005,0.30999999995146804
234,550.761,5678,14299,5678,1.0,0.3970907056437513,0.18618489583333334,0.0049999999999954525,0.0049999999999954525,-7.000001466095805,0.4050000000000005,0.30999999995146804
235,550.811,5672,12422,5671,0.9998236953455572,0.4565287393334407,0.16174479166666667,0.011000000000080945,0.0049999999999954525,-7.000001556595546,0.43000000000000055,0.30999999995146804
236,550.861,5718,11838,5716,0.9996502273522211,0.48285183307991214,0.154140625,0.007000000000061846,0.0049999999999954525,-7.000001647095287,0.45500000000000057,0.30999999995146804
237,550.91,5704,11465,5704,1.0,0.4975141735717401,0.14928385416666667,0.007999999999924512,0.004000000000019099,-7.00000171949508,0.4750000000000006,0.30999999995146804
238,550.96,5690,17182,5690,1.0,0.3311605168199278,0.22372395833333333,0.009999999999990905,0.004000000000019099,-7.000001809994821,0.5000000000000006,0.30999999995146804
239,551.01,5661,16916,5660,0.9998233527645293,0.3345944667770158,0.22026041666666665,0.005999999999971806,0.004000000000019099,-7.000001900494562,0.5249999999999978,0.30999999995146804
240,551.06,5638,16719,5638,1.0,0.3372211256654106,0.2176953125,0.012000000000057298,0.0039999999999054126,-7.000001990994303,0.549999999999995,0.30999999995146804
241,551.111,5661,14011,5661,1.0,0.4040396831061309,0.18243489583333333,0.0049999999999954525,0.0049999999999954525,-7.000002099593992,0.5799999999999917,0.30999999995146804
242,551.16,5678,11837,5677,0.9998238816484678,0.47959787108219987,0.15412760416666665,0.014000000000010004,0.004000000000019099,-7.000002171993785,0.5999999999999895,0.30999999995146804
243,551.211,5584,5596,5408,0.9684813753581661,0.9664045746962115,0.07286458333333333,0.0030000000000427463,0.0049999999999954525,-7.000002280593474,0.6299999999999862,0.30999999995146804
244,551.26,5585,5617,5453,0.9763652641002686,0.9708029197080292,0.07313802083333333,0.01599999999996271,0.004000000000019099,-7.000002352993267,0.649999999999984,0.30999999995146804
245,551.31,5550,12266,5549,0.9998198198198198,0.4523887167780858,0.15971354166666665,0.0,0.0039999999999054126,-7.000002443493008,0.6749999999999813,0.30999999995146804
246,551.361,5476,18759,5474,0.9996347699050402,0.2918065994989072,0.2442578125,0.016999999999939064,0.0049999999999954525,-7.000002552092697,0.704999999999978,0.30999999995146804
247,551.411,5486,19360,5486,1.0,0.2833677685950413,0.2520833333333333,0.00100000000009004,0.0049999999999954525,-7.00000262449249,0.7249999999999758,0.30999999995146804
248,551.46,5365,18979,5365,1.0,0.28268085779018914,0.24712239583333334,0.014000000000010004,0.004000000000019099,-7.000002714992231,0.749999999999973,0.30999999995146804
249,551.51,5262,17426,5262,1.0,0.30196258464363596,0.22690104166666666,0.004000000000019099,0.004000000000019099,-7.000002805491972,0.7749999999999703,0.30999999995146804
250,551.56,5247,6791,5247,1.0,0.772640259166544,0.08842447916666667,0.011999999999943611,0.0039999999999054126,-7.000002895991713,0.7999999999999675,0.30999999995146804
251,551.61,5128,6714,5128,1.0,0.763777182007745,0.087421875,0.005999999999971806,0.004000000000019099,-7.000002986491454,0.8249999999999648,0.30999999995146804
252,551.66,4999,6631,4999,1.0,0.7538832755240537,0.08634114583333333,0.009999999999990905,0.004000000000019099,-7.000003076991195,0.849999999999962,0.30999999995146804
253,551.712,4875,6529,4875,1.0,0.7466687088374943,0.08501302083333333,0.005999999999971806,0.004000000000019099,-7.000003185590884,0.8799999999999587,0.30999999995146804
254,551.76,4808,8197,4808,1.0,0.5865560570940588,0.10673177083333334,0.008000000000038199,0.004000000000019099,-7.000003257990677,0.8999999999999565,0.30999999995146804
255,551.81,4659,4899,4659,1.0,0.9510104102878139,0.0637890625,0.010000000000104592,0.0039999999999054126,-7.000003348490418,0.9249999999999537,0.30999999995146804
256,551.86,4493,4714,4493,1.0,0.9531183708103521,0.06138020833333333,0.005999999999971806,0.004000000000019099,-7.000003438990159,0.949999999999951,0.30999999995146804
257,551.91,4327,4532,4327,1.0,0.954766107678729,0.05901041666666667,0.012000000000057298,0.004000000000019099,-7.0000035294899,0.9749999999999482,0.30999999995146804
258,551.96,4154,4339,4152,0.9995185363505056,0.9569025120995621,0.05649739583333333,0.004000000000019099,0.004000000000019099,-7.000003619989641,0.9999999999999455,0.30999999995146804
259,552.01,3895,4155,3895,1.0,0.937424789410349,0.0541015625,0.014000000000010004,0.004000000000019099,-7.000003710489382,1.0249999999999428,0.30999999995146804
260,552.061,3714,3957,3714,1.0,0.9385898407884761,0.0515234375,0.0030000000000427463,0.0049999999999954525,-7.000003819089072,1.0549999999999395,0.30999999995146804
261,552.11,3535,3786,3535,1.0,0.933703116745906,0.049296875,0.01599999999996271,0.004000000000019099,-7.0000038914888645,1.0749999999999373,0.30999999995146804
262,552.16,3256,3648,3256,1.0,0.8925438596491229,0.0475,0.0,0.004000000000019099,-7.0000039819886055,1.0999999999999346,0.30999999995146804
263,552.21,2976,3211,2970,0.9979838709677419,0.9249454998442853,0.04180989583333333,0.016000000000076398,0.004000000000019099,-7.0000040724883466,1.1249999999999318,0.30999999995146804
264,552.26,2779,2964,2748,0.9888449082403742,0.9271255060728745,0.03859375,0.0019999999999527063,0.004000000000019099,-7.000004162988088,1.149999999999929,0.30999999995146804
265,552.31,2483,2748,2482,0.999597261377366,0.9032023289665211,0.03578125,0.013999999999896318,0.0039999999999054126,-7.000004253487829,1.1749999999999263,0.30999999995146804
266,552.36,2184,2395,2172,0.9945054945054945,0.9068893528183716,0.031184895833333334,0.004000000000019099,0.004000000000019099,-7.00000434398757,1.1999999999999236,0.30999999995146804
267,552.411,1874,2100,1874,1.0,0.8923809523809524,0.02734375,0.012999999999919964,0.0049999999999954525,-7.000004434487311,1.2249999999999208,0.30999999995146804
268,552.461,1557,1791,1557,1.0,0.8693467336683417,0.0233203125,0.0049999999999954525,0.0049999999999954525,-7.000004543087,1.2549999999999175,0.30999999995146804
269,552.51,1128,1369,1128,1.0,0.8239590942293645,0.017825520833333334,0.009999999999990905,0.004000000000019099,-7.000004615486793,1.2749999999999153,0.30999999995146804
270,552.56,797,2155,797,1.0,0.36983758700696057,0.028059895833333334,0.008000000000038199,0.0039999999999054126,-7.000004705986534,1.2999999999999126,0.30999999995146804
271,552.61,353,5317,92,0.26062322946175637,0.017302990408124882,0.06923177083333333,0.008000000000038199,0.004000000000019099,-7.000004796486275,1.3249999999999098,0.30999999995146804
272,552.66,6,8519,0,0.0,0.0,0.11092447916666667,0.009999999999990905,0.004000000000019099,-7.000004886986016,1.349999999999907,0.30999999995146804
273,552.71,1,7067,0,0.0,0.0,0.09201822916666667,0.0060000000000854925,0.004000000000019099,-7.000004977485757,1.3749999999999043,0.30999999995146804
274,552.761,0,6177,0,nan,0.0,0.0804296875,0.011000000000080945,0.0049999999999954525,-7.000005086085446,1.404999999999901,0.30999999995146804
275,552.81,0,6757,0,nan,0.0,0.08798177083333333,0.0039999999999054126,0.0039999999999054126,-7.000005158485239,1.4249999999998988,0.30999999995146804
276,552.861,0,4393,0,nan,0.0,0.05720052083333333,0.013000000000033651,0.0049999999999954525,-7.000005267084928,1.4549999999998955,0.30999999995146804
277,552.911,0,8304,0,nan,0.0,0.108125,0.0029999999999290594,0.0049999999999954525,-7.000005339484721,1.4749999999998933,0.30999999995146804
278,552.961,0,13058,0,nan,0.0,0.17002604166666666,0.014999999999986358,0.0049999999999954525,-7.00000544808441,1.50499999999989,0.30999999995146804
279,553.011,0,5597,0,nan,0.0,0.07287760416666667,0.0009999999999763531,0.0049999999999954525,-7.000005538584151,1.5299999999998872,0.30999999995146804
280,553.06,0,2463,0,nan,0.0,0.0320703125,0.01599999999996271,0.0039999999999054126,-7.000005610983944,1.549999999999885,0.30999999995146804
281,553.11,0,7001,0,nan,0.0,0.09115885416666666,0.0019999999999527063,0.004000000000019099,-7.000005701483685,1.5749999999998823,0.30999999995146804
282,553.16,0,8876,0,nan,0.0,0.11557291666666666,0.014000000000010004,0.004000000000019099,-7.000005791983426,1.5999999999998795,0.30999999995146804
283,553.21,0,8793,0,nan,0.0,0.1144921875,0.004000000000019099,0.004000000000019099,-7.000005882483167,1.6249999999998768,0.30999999995146804
284,553.26,0,8734,0,nan,0.0,0.11372395833333333,0.011999999999943611,0.004000000000019099,-7.000005972982908,1.649999999999874,0.30999999995146804
285,553.31,0,10865,0,nan,0.0,0.14147135416666667,0.0060000000000854925,0.0039999999999054126,-7.000006063482649,1.6749999999998713,0.30999999995146804
286,553.361,0,6582,0,nan,0.0,0.085703125,0.010999999999967258,0.0049999999999954525,-7.0000061720823386,1.704999999999868,0.30999999995146804
287,553.41,0,7492,0,nan,0.0,0.09755208333333333,0.008000000000038199,0.004000000000019099,-7.000006244482131,1.7249999999998658,0.30999999995146804
288,553.46,0,3125,0,nan,0.0,0.040690104166666664,0.008000000000038199,0.004000000000019099,-7.000006334981872,1.749999999999863,0.30999999995146804
289,553.51,0,5172,0,nan,0.0,0.06734375,0.009999999999990905,0.004000000000019099,-7.0000064254816134,1.7749999999998602,0.30999999995146804
290,553.56,0,14749,0,nan,0.0,0.19204427083333334,0.005999999999971806,0.0039999999999054126,-7.0000065159813545,1.7999999999998575,0.30999999995146804
291,553.611,0,11511,0,nan,0.0,0.1498828125,0.010999999999967258,0.0049999999999954525,-7.000006624581044,1.8299999999998542,0.30999999995146804
292,553.66,0,8327,0,nan,0.0,0.10842447916666667,0.004000000000019099,0.004000000000019099,-7.0000066969808366,1.849999999999852,0.30999999995146804
293,553.71,0,13681,0,nan,0.0,0.17813802083333333,0.014000000000010004,0.004000000000019099,-7.000006787480578,1.8749999999998492,0.30999999995146804
294,553.761,0,11723,0,nan,0.0,0.15264322916666667,0.0029999999999290594,0.0049999999999954525,-7.000006896080267,1.904999999999846,0.30999999995146804
295,553.81,0,29381,0,nan,0.0,0.38256510416666667,0.016000000000076398,0.0039999999999054126,-7.00000696848006,1.9249999999998437,0.30999999995146804
296,553.861,0,15484,0,nan,0.0,0.20161458333333335,0.0009999999999763531,0.0049999999999954525,-7.000007077079749,1.9549999999998404,0.30999999995146804
297,553.911,0,13031,0,nan,0.0,0.16967447916666667,0.016999999999939064,0.0049999999999954525,-7.000007149479542,1.9749999999998382,0.30999999995146804
298,553.96,0,7134,0,nan,0.0,0.092890625,0.0019999999999527063,0.004000000000019099,-7.000007239979283,1.9999999999998355,0.30999999995146804
299,554.01,0,10331,0,nan,0.0,0.13451822916666667,0.014000000000010004,0.004000000000019099,-7.000007330479024,2.0249999999998436,0.30999999995146804
300,554.061,0,14608,0,nan,0.0,0.19020833333333334,0.0029999999999290594,0.0049999999999954525,-7.000007439078713,2.0549999999998536,0.30999999995146804
301,554.11,0,8164,0,nan,0.0,0.10630208333333334,0.012000000000057298,0.004000000000019099,-7.000007511478506,2.0749999999998603,0.30999999995146804
302,554.16,0,10794,0,nan,0.0,0.140546875,0.0060000000000854925,0.004000000000019099,-7.000007601978247,2.0999999999998686,0.30999999995146804
303,554.21,0,13716,0,nan,0.0,0.17859375,0.009999999999990905,0.004000000000019099,-7.000007692477988,2.124999999999877,0.30999999995146804
304,554.261,0,29395,0,nan,0.0,0.38274739583333334,0.007000000000061846,0.0049999999999954525,-7.000007801077677,2.154999999999887,0.30999999995146804
305,554.31,0,29396,0,nan,0.0,0.38276041666666666,0.007999999999924512,0.0039999999999054126,-7.00000787347747,2.1749999999998937,0.30999999995146804
306,554.36,0,29397,0,nan,0.0,0.3827734375,0.009999999999990905,0.004000000000019099,-7.000007963977211,2.199999999999902,0.30999999995146804
307,554.41,0,29406,0,nan,0.0,0.382890625,0.005999999999971806,0.004000000000019099,-7.000008054476952,2.2249999999999104,0.30999999995146804
308,554.46,0,15973,0,nan,0.0,0.20798177083333333,0.011999999999943611,0.004000000000019099,-7.000008144976693,2.2499999999999187,0.30999999995146804
309,554.51,0,12635,0,nan,0.0,0.16451822916666667,0.004000000000019099,0.004000000000019099,-7.000008235476434,2.274999999999927,0.30999999995146804
310,554.561,0,13266,0,nan,0.0,0.172734375,0.012999999999919964,0.0049999999999954525,-7.000008344076123,2.304999999999937,0.30999999995146804
311,554.611,0,10250,0,nan,0.0,0.13346354166666666,0.0030000000000427463,0.0049999999999954525,-7.000008434575864,2.3299999999999454,0.30999999995146804
312,554.661,0,9730,0,nan,0.0,0.12669270833333332,0.015000000000100044,0.0049999999999954525,-7.000008506975657,2.349999999999952,0.30999999995146804
313,554.71,0,7118,0,nan,0.0,0.09268229166666667,0.0,0.004000000000019099,-7.000008597475398,2.3749999999999605,0.30999999995146804
314,554.761,0,16467,0,nan,0.0,0.2144140625,0.016999999999939064,0.0049999999999954525,-7.0000087060750875,2.4049999999999705,0.30999999995146804
315,554.81,0,12046,0,nan,0.0,0.15684895833333334,0.002000000000066393,0.0039999999999054126,-7.00000877847488,2.424999999999977,0.30999999995146804
316,554.861,0,8752,0,nan,0.0,0.11395833333333333,0.014999999999986358,0.0049999999999954525,-7.00000888707457,2.454999999999987,0.30999999995146804
317,554.91,0,10783,0,nan,0.0,0.14040364583333334,0.004000000000019099,0.004000000000019099,-7.000008959474362,2.474999999999994,0.30999999995146804
318,554.961,0,7551,0,nan,0.0,0.0983203125,0.013000000000033651,0.0049999999999954525,-7.000009068074052,2.505000000000004,0.30999999995146804
319,555.011,0,9124,0,nan,0.0,0.11880208333333334,0.0049999999999954525,0.0049999999999954525,-7.000009158573793,2.5300000000000122,0.30999999995146804
320,555.06,0,13582,0,nan,0.0,0.17684895833333333,0.009999999999990905,0.0039999999999054126,-7.0000092309735855,2.550000000000019,0.30999999995146804
321,555.111,0,10528,0,nan,0.0,0.13708333333333333,0.007000000000061846,0.0049999999999954525,-7.000009339573275,2.580000000000029,0.30999999995146804
322,555.16,0,11565,0,nan,0.0,0.1505859375,0.007999999999924512,0.004000000000019099,-7.000009411973068,2.6000000000000356,0.30999999995146804
323,555.211,0,13392,0,nan,0.0,0.174375,0.009000000000014552,0.0049999999999954525,-7.000009520572757,2.6300000000000456,0.30999999995146804
324,555.26,0,11726,0,nan,0.0,0.15268229166666666,0.005999999999971806,0.004000000000019099,-7.00000959297255,2.6500000000000523,0.30999999995146804
325,555.31,0,6397,0,nan,0.0,0.08329427083333334,0.012000000000057298,0.0039999999999054126,-7.000009683472291,2.6750000000000607,0.30999999995146804
326,555.361,0,8909,0,nan,0.0,0.11600260416666666,0.0049999999999954525,0.0049999999999954525,-7.00000979207198,2.7050000000000707,0.30999999995146804
327,555.41,0,9444,0,nan,0.0,0.12296875,0.014000000000010004,0.004000000000019099,-7.000009864471773,2.7250000000000774,0.30999999995146804
328,555.46,0,9580,0,nan,0.0,0.12473958333333333,0.002000000000066393,0.004000000000019099,-7.000009954971514,2.7500000000000857,0.30999999995146804
329,555.51,0,8493,0,nan,0.0,0.1105859375,0.01599999999996271,0.004000000000019099,-7.000010045471255,2.775000000000094,0.30999999995146804
330,555.56,0,10189,0,nan,0.0,0.13266927083333332,0.0,0.0039999999999054126,-7.000010135970996,2.8000000000001024,0.30999999995146804
331,555.611,0,6923,0,nan,0.0,0.09014322916666667,0.016999999999939064,0.0049999999999954525,-7.000010244570685,2.8300000000001124,0.30999999995146804
332,555.66,0,6106,0,nan,0.0,0.07950520833333333,0.002000000000066393,0.004000000000019099,-7.000010316970478,2.850000000000119,0.30999999995146804
333,555.711,0,15526,0,nan,0.0,0.20216145833333332,0.014999999999986358,0.0049999999999954525,-7.000010425570167,2.880000000000129,0.30999999995146804
334,555.76,0,13179,0,nan,0.0,0.1716015625,0.004000000000019099,0.004000000000019099,-7.00001049796996,2.900000000000136,0.30999999995146804
335,555.81,0,14278,0,nan,0.0,0.18591145833333333,0.011999999999943611,0.0039999999999054126,-7.000010588469701,2.925000000000144,0.30999999995146804
336,555.86,0,29421,0,nan,0.0,0.3830859375,0.005999999999971806,0.004000000000019099,-7.000010678969442,2.9500000000001525,0.30999999995146804
337,555.91,0,29420,0,nan,0.0,0.38307291666666665,0.009999999999990905,0.004000000000019099,-7.000010769469183,2.975000000000161,0.30999999995146804
338,555.96,0,29410,0,nan,0.0,0.3829427083333333,0.007999999999924512,0.004000000000019099,-7.000010859968924,3.000000000000169,0.30999999995146804
339,556.01,0,29400,0,nan,0.0,0.3828125,0.008000000000038199,0.004000000000019099,-7.000010950468665,3.0250000000001775,0.30999999995146804
340,556.06,0,21087,0,nan,0.0,0.2745703125,0.010000000000104592,0.0039999999999054126,-7.000011040968406,3.050000000000186,0.30999999995146804
341,556.11,0,21167,0,nan,0.0,0.2756119791666667,0.005999999999971806,0.004000000000019099,-7.000011131468147,3.0750000000001942,0.30999999995146804
342,556.16,0,16582,0,nan,0.0,0.21591145833333333,0.012000000000057298,0.004000000000019099,-7.000011221967888,3.1000000000002026,0.30999999995146804
343,556.21,0,14462,0,nan,0.0,0.18830729166666665,0.004000000000019099,0.004000000000019099,-7.000011312467629,3.125000000000211,0.30999999995146804
344,556.26,0,11334,0,nan,0.0,0.147578125,0.014000000000010004,0.004000000000019099,-7.00001140296737,3.1500000000002193,0.30999999995146804
345,556.31,0,21219,0,nan,0.0,0.2762890625,0.0019999999999527063,0.0039999999999054126,-7.000011493467111,3.1750000000002276,0.30999999995146804
346,556.36,0,21174,0,nan,0.0,0.275703125,0.01599999999996271,0.004000000000019099,-7.000011583966852,3.200000000000236,0.30999999995146804
347,556.41,0,21160,0,nan,0.0,0.2755208333333333,0.0,0.004000000000019099,-7.0000116744665934,3.2250000000002443,0.30999999995146804
348,556.46,0,21142,0,nan,0.0,0.2752864583333333,0.016000000000076398,0.004000000000019099,-7.0000117649663345,3.2500000000002527,0.30999999995146804
349,556.51,0,12924,0,nan,0.0,0.16828125,0.0019999999999527063,0.004000000000019099,-7.0000118554660755,3.275000000000261,0.30999999995146804
350,556.56,0,12401,0,nan,0.0,0.16147135416666666,0.013999999999896318,0.0039999999999054126,-7.0000119459658166,3.3000000000002694,0.30999999995146804
351,556.61,0,24065,0,nan,0.0,0.3133463541666667,0.004000000000019099,0.004000000000019099,-7.000012036465558,3.3250000000002777,0.30999999995146804
352,556.66,0,21166,0,nan,0.0,0.2755989583333333,0.011999999999943611,0.004000000000019099,-7.000012126965299,3.350000000000286,0.30999999995146804
353,556.71,0,21152,0,nan,0.0,0.27541666666666664,0.005999999999971806,0.004000000000019099,-7.00001221746504,3.3750000000002944,0.30999999995146804
354,556.761,0,21151,0,nan,0.0,0.2754036458333333,0.010999999999967258,0.0049999999999954525,-7.000012326064729,3.4050000000003044,0.30999999995146804
355,556.81,0,21147,0,nan,0.0,0.2753515625,0.008000000000038199,0.0039999999999054126,-7.000012398464522,3.425000000000311,0.30999999995146804
356,556.86,0,10506,0,nan,0.0,0.136796875,0.008000000000038199,0.004000000000019099,-7.000012488964263,3.4500000000003195,0.30999999995146804
357,556.91,0,13231,0,nan,0.0,0.17227864583333333,0.009999999999990905,0.004000000000019099,-7.000012579464004,3.475000000000328,0.30999999995146804
358,556.96,0,8519,0,nan,0.0,0.11092447916666667,0.0060000000000854925,0.004000000000019099,-7.000012669963745,3.500000000000336,0.30999999995146804
359,557.01,0,8608,0,nan,0.0,0.11208333333333333,0.012000000000057298,0.004000000000019099,-7.000012760463486,3.5250000000003445,0.30999999995146804
360,557.06,0,6313,0,nan,0.0,0.08220052083333333,0.0039999999999054126,0.0039999999999054126,-7.000012850963227,3.550000000000353,0.30999999995146804
361,557.11,0,6411,0,nan,0.0,0.0834765625,0.014000000000010004,0.004000000000019099,-7.000012941462968,3.5750000000003612,0.30999999995146804
362,557.16,0,4776,0,nan,0.0,0.0621875,0.0019999999999527063,0.004000000000019099,-7.000013031962709,3.6000000000003696,0.30999999995146804
363,557.211,0,6261,0,nan,0.0,0.0815234375,0.014999999999986358,0.0049999999999954525,-7.000013140562398,3.6300000000003796,0.30999999995146804
364,557.261,0,3950,0,nan,0.0,0.051432291666666664,0.0009999999999763531,0.0049999999999954525,-7.000013231062139,3.655000000000388,0.30999999995146804
365,557.31,0,9501,0,nan,0.0,0.1237109375,0.01599999999996271,0.0039999999999054126,-7.000013303461932,3.6750000000003946,0.30999999995146804
366,557.36,0,16197,0,nan,0.0,0.2108984375,0.0019999999999527063,0.004000000000019099,-7.000013393961673,3.700000000000403,0.30999999995146804
367,557.411,0,8117,0,nan,0.0,0.10569010416666667,0.014999999999986358,0.0049999999999954525,-7.000013484461414,3.7250000000004113,0.30999999995146804
368,557.461,0,7741,0,nan,0.0,0.10079427083333334,0.0030000000000427463,0.0049999999999954525,-7.000013593061103,3.7550000000004213,0.30999999995146804
369,557.51,0,7485,0,nan,0.0,0.0974609375,0.011999999999943611,0.004000000000019099,-7.000013665460896,3.775000000000428,0.30999999995146804
370,557.562,0,13385,0,nan,0.0,0.17428385416666667,0.004000000000019099,0.004000000000019099,-7.0000137740605854,3.805000000000438,0.30999999995146804
371,557.61,0,21159,0,nan,0.0,0.2755078125,0.009999999999990905,0.004000000000019099,-7.000013846460378,3.8250000000004447,0.30999999995146804
372,557.661,0,21412,0,nan,0.0,0.27880208333333334,0.007000000000061846,0.0049999999999954525,-7.000013936960119,3.850000000000453,0.30999999995146804
373,557.711,0,23817,0,nan,0.0,0.3101171875,0.009000000000014552,0.0049999999999954525,-7.0000140455598086,3.880000000000463,0.30999999995146804
374,557.76,0,11329,0,nan,0.0,0.14751302083333334,0.009999999999990905,0.004000000000019099,-7.000014117959601,3.9000000000004698,0.30999999995146804
375,557.811,0,21683,0,nan,0.0,0.2823307291666667,0.007000000000061846,0.0049999999999954525,-7.000014226559291,3.9300000000004798,0.30999999995146804
376,557.86,0,10475,0,nan,0.0,0.13639322916666666,0.011999999999943611,0.004000000000019099,-7.0000142989590834,3.9500000000004865,0.30999999995146804
377,557.91,0,21685,0,nan,0.0,0.2823567708333333,0.004000000000019099,0.004000000000019099,-7.0000143894588245,3.975000000000495,0.30999999995146804
378,557.96,0,21696,0,nan,0.0,0.2825,0.014000000000010004,0.004000000000019099,-7.0000144799585655,4.000000000000503,0.30999999995146804
379,558.011,0,12592,0,nan,0.0,0.16395833333333334,0.0029999999999290594,0.0049999999999954525,-7.000014588558255,4.030000000000486,0.30999999995146804
380,558.06,0,21658,0,nan,0.0,0.2820052083333333,0.016000000000076398,0.0039999999999054126,-7.000014660958048,4.050000000000475,0.30999999995146804
381,558.111,0,21642,0,nan,0.0,0.281796875,0.0009999999999763531,0.0049999999999954525,-7.000014769557737,4.080000000000458,0.30999999995146804
382,558.16,0,21633,0,nan,0.0,0.2816796875,0.01599999999996271,0.004000000000019099,-7.00001484195753,4.100000000000447,0.30999999995146804
383,558.21,0,21645,0,nan,0.0,0.2818359375,0.0019999999999527063,0.004000000000019099,-7.000014932457271,4.125000000000433,0.30999999995146804
384,558.26,0,21636,0,nan,0.0,0.28171875,0.014000000000010004,0.004000000000019099,-7.000015022957012,4.15000000000042,0.30999999995146804
385,558.31,0,9454,0,nan,0.0,0.12309895833333333,0.004000000000019099,0.0039999999999054126,-7.000015113456753,4.175000000000406,0.30999999995146804
386,558.36,0,21438,0,nan,0.0,0.279140625,0.012000000000057298,0.004000000000019099,-7.000015203956494,4.200000000000392,0.30999999995146804
387,558.41,0,0,0,nan,nan,0.0,0.0060000000000854925,0.004000000000019099,-7.000015294456235,4.225000000000378,0.30999999995146804
388,558.46,0,3927,0,nan,0.0,0.0511328125,0.009999999999990905,0.004000000000019099,-7.000015384955976,4.250000000000364,0.30999999995146804
389,558.51,0,5496,0,nan,0.0,0.0715625,0.008000000000038199,0.004000000000019099,-7.000015475455717,4.27500000000035,0.30999999995146804
390,558.56,0,4581,0,nan,0.0,0.0596484375,0.007999999999924512,0.0039999999999054126,-7.000015565955458,4.300000000000336,0.30999999995146804
391,558.61,0,23653,0,nan,0.0,0.30798177083333333,0.009999999999990905,0.004000000000019099,-7.000015656455199,4.325000000000323,0.30999999995146804
392,558.66,0,12008,0,nan,0.0,0.15635416666666666,0.005999999999971806,0.004000000000019099,-7.00001574695494,4.350000000000309,0.30999999995146804
393,558.71,0,12932,0,nan,0.0,0.16838541666666668,0.011999999999943611,0.004000000000019099,-7.000015837454681,4.375000000000295,0.30999999995146804
394,558.76,0,12831,0,nan,0.0,0.1670703125,0.004000000000019099,0.004000000000019099,-7.000015927954422,4.400000000000281,0.30999999995146804
395,558.81,0,16378,0,nan,0.0,0.21325520833333333,0.014000000000010004,0.0039999999999054126,-7.000016018454163,4.425000000000267,0.30999999995146804
396,558.86,0,21334,0,nan,0.0,0.2777864583333333,0.002000000000066393,0.004000000000019099,-7.000016108953904,4.450000000000253,0.30999999995146804
397,558.91,0,4449,0,nan,0.0,0.0579296875,0.016000000000076398,0.004000000000019099,-7.000016199453645,4.4750000000002395,0.30999999995146804
398,558.96,0,7313,0,nan,0.0,0.09522135416666666,0.0,0.004000000000019099,-7.000016289953386,4.500000000000226,0.30999999995146804
399,559.01,0,11084,0,nan,0.0,0.14432291666666666,0.01599999999996271,0.004000000000019099,-7.000016380453127,4.525000000000212,0.30999999995146804
400,559.06,0,21276,0,nan,0.0,0.27703125,0.002000000000066393,0.0039999999999054126,-7.000016470952868,4.550000000000198,0.30999999995146804
401,559.111,0,12548,0,nan,0.0,0.16338541666666667,0.014999999999986358,0.0049999999999954525,-7.0000165795525575,4.580000000000181,0.30999999995146804
402,559.161,0,21354,0,nan,0.0,0.278046875,0.0030000000000427463,0.0049999999999954525,-7.00001665195235,4.60000000000017,0.30999999995146804
403,559.211,0,16765,0,nan,0.0,0.21829427083333333,0.013000000000033651,0.0049999999999954525,-7.00001676055204,4.6300000000001535,0.30999999995146804
404,559.26,0,11074,0,nan,0.0,0.14419270833333334,0.005999999999971806,0.004000000000019099,-7.000016832951832,4.6500000000001425,0.30999999995146804
405,559.31,0,11771,0,nan,0.0,0.15326822916666666,0.009999999999990905,0.0039999999999054126,-7.0000169234515734,4.675000000000129,0.30999999995146804
406,559.362,0,10374,0,nan,0.0,0.135078125,0.0060000000000854925,0.004000000000019099,-7.000017032051263,4.705000000000112,0.30999999995146804
407,559.41,0,12044,0,nan,0.0,0.15682291666666667,0.007999999999924512,0.004000000000019099,-7.0000171044510555,4.725000000000101,0.30999999995146804
408,559.46,0,21312,0,nan,0.0,0.2775,0.009999999999990905,0.004000000000019099,-7.0000171949507966,4.750000000000087,0.30999999995146804
409,559.51,0,15871,0,nan,0.0,0.20665364583333334,0.005999999999971806,0.004000000000019099,-7.000017285450538,4.775000000000073,0.30999999995146804
410,559.56,0,5281,0,nan,0.0,0.06876302083333333,0.012000000000057298,0.0039999999999054126,-7.000017375950279,4.800000000000059,0.30999999995146804
411,559.61,0,10724,0,nan,0.0,0.13963541666666668,0.004000000000019099,0.004000000000019099,-7.00001746645002,4.8250000000000455,0.30999999995146804
412,559.66,0,21231,0,nan,0.0,0.2764453125,0.014000000000010004,0.004000000000019099,-7.000017556949761,4.850000000000032,0.30999999995146804
413,559.71,0,9685,0,nan,0.0,0.12610677083333333,0.002000000000066393,0.004000000000019099,-7.000017647449502,4.875000000000018,0.30999999995146804
414,559.761,0,11968,0,nan,0.0,0.15583333333333332,0.014999999999986358,0.0049999999999954525,-7.000017756049191,4.905000000000001,0.30999999995146804
415,559.811,0,9900,0,nan,0.0,0.12890625,0.00100000000009004,0.0049999999999954525,-7.000017846548932,4.929999999999987,0.30999999995146804
416,559.86,0,7430,0,nan,0.0,0.09674479166666666,0.01599999999996271,0.004000000000019099,-7.000017918948725,4.949999999999976,0.30999999995146804
417,559.91,0,7707,0,nan,0.0,0.1003515625,0.002000000000066393,0.004000000000019099,-7.000018009448466,4.974999999999962,0.30999999995146804
418,559.961,0,7987,0,nan,0.0,0.10399739583333334,0.014999999999986358,0.0049999999999954525,-7.000018118048155,5.004999999999946,0.30999999995146804
419,560.011,0,9991,0,nan,0.0,0.13009114583333334,0.0030000000000427463,0.0049999999999954525,-7.0000180637483105,4.989999999999954,0.30999999995146804
420,560.06,0,7921,0,nan,0.0,0.10313802083333333,0.011999999999943611,0.0039999999999054126,-7.000017991348518,4.969999999999965,0.30999999995146804
421,560.11,0,11061,0,nan,0.0,0.1440234375,0.005999999999971806,0.004000000000019099,-7.000017900848777,4.944999999999979,0.30999999995146804
422,560.16,0,9287,0,nan,0.0,0.12092447916666667,0.009999999999990905,0.004000000000019099,-7.000017810349036,4.919999999999993,0.30999999995146804
423,560.211,0,6774,0,nan,0.0,0.088203125,0.006999999999948159,0.0049999999999954525,-7.000017701749346,4.8900000000000095,0.30999999995146804
424,560.26,0,6271,0,nan,0.0,0.08165364583333333,0.008000000000038199,0.004000000000019099,-7.0000176293495535,4.8700000000000205,0.30999999995146804
425,560.31,0,8328,0,nan,0.0,0.1084375,0.010000000000104592,0.0039999999999054126,-7.0000175388498125,4.845000000000034,0.30999999995146804
426,560.36,0,5958,0,nan,0.0,0.077578125,0.005999999999971806,0.004000000000019099,-7.0000174483500714,4.820000000000048,0.30999999995146804
427,560.411,0,1561,0,nan,0.0,0.020325520833333333,0.011000000000080945,0.0049999999999954525,-7.00001735785033,4.795000000000062,0.30999999995146804
428,560.46,0,6163,0,nan,0.0,0.08024739583333333,0.004000000000019099,0.004000000000019099,-7.000017267350589,4.770000000000076,0.30999999995146804
429,560.511,0,6796,0,nan,0.0,0.08848958333333333,0.013000000000033651,0.0049999999999954525,-7.0000171587509,4.740000000000093,0.30999999995146804
430,560.56,0,6684,0,nan,0.0,0.08703125,0.0019999999999527063,0.0039999999999054126,-7.000017086351107,4.720000000000104,0.30999999995146804
431,560.61,0,7706,0,nan,0.0,0.10033854166666667,0.01599999999996271,0.004000000000019099,-7.000016995851366,4.6950000000001175,0.30999999995146804
432,560.661,0,17532,0,nan,0.0,0.22828125,0.0009999999999763531,0.0049999999999954525,-7.000016905351625,4.670000000000131,0.30999999995146804
433,560.71,0,10794,0,nan,0.0,0.140546875,0.016000000000076398,0.004000000000019099,-7.000016814851884,4.645000000000145,0.30999999995146804
434,560.76,0,8896,0,nan,0.0,0.11583333333333333,0.0019999999999527063,0.004000000000019099,-7.000016724352143,4.620000000000159,0.30999999995146804
435,560.81,0,12114,0,nan,0.0,0.157734375,0.013999999999896318,0.0039999999999054126,-7.000016633852402,4.595000000000173,0.30999999995146804
436,560.86,0,15861,0,nan,0.0,0.2065234375,0.004000000000019099,0.004000000000019099,-7.000016543352661,4.570000000000187,0.30999999995146804
437,560.91,0,9299,0,nan,0.0,0.12108072916666666,0.011999999999943611,0.004000000000019099,-7.00001645285292,4.545000000000201,0.30999999995146804
438,560.96,0,12836,0,nan,0.0,0.16713541666666668,0.005999999999971806,0.004000000000019099,-7.000016362353179,4.5200000000002145,0.30999999995146804
439,561.01,0,12574,0,nan,0.0,0.16372395833333334,0.009999999999990905,0.004000000000019099,-7.000016271853438,4.495000000000228,0.30999999995146804
440,561.06,0,12954,0,nan,0.0,0.168671875,0.008000000000038199,0.0039999999999054126,-7.000016181353697,4.470000000000242,0.30999999995146804
441,561.111,0,11838,0,nan,0.0,0.154140625,0.009000000000014552,0.0049999999999954525,-7.000016072754008,4.440000000000259,0.30999999995146804
442,561.16,0,15977,0,nan,0.0,0.20803385416666667,0.009999999999990905,0.004000000000019099,-7.000016000354215,4.42000000000027,0.30999999995146804
443,561.21,0,12687,0,nan,0.0,0.1651953125,0.0060000000000854925,0.004000000000019099,-7.000015909854474,4.395000000000284,0.30999999995146804
444,561.26,0,16157,0,nan,0.0,0.21037760416666668,0.012000000000057298,0.004000000000019099,-7.000015819354733,4.370000000000298,0.30999999995146804
445,561.31,0,9833,0,nan,0.0,0.12803385416666666,0.0039999999999054126,0.0039999999999054126,-7.000015728854992,4.3450000000003115,0.30999999995146804
446,561.36,0,7105,0,nan,0.0,0.09251302083333333,0.014000000000010004,0.004000000000019099,-7.000015638355251,4.320000000000325,0.30999999995146804
447,561.41,0,6505,0,nan,0.0,0.08470052083333333,0.0019999999999527063,0.004000000000019099,-7.00001554785551,4.295000000000339,0.30999999995146804
448,561.46,0,7295,0,nan,0.0,0.09498697916666667,0.01599999999996271,0.004000000000019099,-7.000015457355769,4.270000000000353,0.30999999995146804
449,561.51,0,5270,0,nan,0.0,0.06861979166666667,0.0,0.004000000000019099,-7.000015366856028,4.245000000000367,0.30999999995146804
450,561.561,0,7229,0,nan,0.0,0.09412760416666667,0.016999999999939064,0.0049999999999954525,-7.000015258256338,4.2150000000003836,0.30999999995146804
451,561.61,0,7852,0,nan,0.0,0.10223958333333333,0.0019999999999527063,0.004000000000019099,-7.000015185856546,4.195000000000395,0.30999999995146804
452,561.66,0,4073,0,nan,0.0,0.053033854166666665,0.014000000000010004,0.004000000000019099,-7.0000150953568046,4.1700000000004085,0.30999999995146804
453,561.71,0,5182,0,nan,0.0,0.06747395833333333,0.004000000000019099,0.004000000000019099,-7.0000150048570635,4.145000000000422,0.30999999995146804
454,561.76,0,3339,0,nan,0.0,0.0434765625,0.011999999999943611,0.004000000000019099,-7.0000149143573225,4.120000000000436,0.30999999995146804
455,561.81,0,7519,0,nan,0.0,0.09790364583333333,0.0060000000000854925,0.0039999999999054126,-7.0000148238575814,4.09500000000045,0.30999999995146804
456,561.86,0,7468,0,nan,0.0,0.09723958333333334,0.009999999999990905,0.004000000000019099,-7.00001473335784,4.070000000000464,0.30999999995146804
457,561.91,0,9480,0,nan,0.0,0.1234375,0.008000000000038199,0.004000000000019099,-7.000014642858099,4.045000000000478,0.30999999995146804
458,561.96,0,9617,0,nan,0.0,0.12522135416666666,0.008000000000038199,0.004000000000019099,-7.000014552358358,4.020000000000492,0.30999999995146804
459,562.01,0,13395,0,nan,0.0,0.1744140625,0.009999999999990905,0.004000000000019099,-7.000014461858617,3.995000000000501,0.30999999995146804
460,562.06,0,28886,0,nan,0.0,0.37611979166666665,0.005999999999971806,0.0039999999999054126,-7.000014371358876,3.9700000000004927,0.30999999995146804
461,562.11,0,14201,0,nan,0.0,0.18490885416666666,0.011999999999943611,0.004000000000019099,-7.000014280859135,3.9450000000004843,0.30999999995146804
462,562.162,0,21096,0,nan,0.0,0.2746875,0.0060000000000854925,0.004000000000019099,-7.000014172259446,3.9150000000004743,0.30999999995146804
463,562.21,0,13081,0,nan,0.0,0.17032552083333333,0.014000000000010004,0.004000000000019099,-7.000014099859653,3.8950000000004676,0.30999999995146804
464,562.26,0,14117,0,nan,0.0,0.18381510416666666,0.0019999999999527063,0.004000000000019099,-7.000014009359912,3.8700000000004593,0.30999999995146804
465,562.31,0,12472,0,nan,0.0,0.16239583333333332,0.016000000000076398,0.0039999999999054126,-7.000013918860171,3.845000000000451,0.30999999995146804
466,562.361,0,12635,0,nan,0.0,0.16451822916666667,0.0009999999999763531,0.0049999999999954525,-7.000013810260482,3.815000000000441,0.30999999995146804
467,562.41,0,28848,0,nan,0.0,0.375625,0.01599999999996271,0.004000000000019099,-7.000013737860689,3.7950000000004342,0.30999999995146804
468,562.46,0,11306,0,nan,0.0,0.14721354166666667,0.0019999999999527063,0.004000000000019099,-7.000013647360948,3.770000000000426,0.30999999995146804
469,562.51,0,13730,0,nan,0.0,0.17877604166666666,0.014000000000010004,0.004000000000019099,-7.000013556861207,3.7450000000004176,0.30999999995146804
470,562.56,0,14397,0,nan,0.0,0.1874609375,0.004000000000019099,0.0039999999999054126,-7.000013466361466,3.720000000000409,0.30999999995146804
471,562.61,0,14027,0,nan,0.0,0.18264322916666667,0.012000000000057298,0.004000000000019099,-7.000013375861725,3.695000000000401,0.30999999995146804
472,562.661,0,28826,0,nan,0.0,0.3753385416666667,0.005000000000109139,0.0049999999999954525,-7.000013285361984,3.6700000000003925,0.30999999995146804
473,562.711,0,28796,0,nan,0.0,0.37494791666666666,0.010999999999967258,0.0049999999999954525,-7.000013176762295,3.6400000000003825,0.30999999995146804
474,562.76,0,13838,0,nan,0.0,0.18018229166666666,0.008000000000038199,0.004000000000019099,-7.000013104362502,3.620000000000376,0.30999999995146804
475,562.81,0,16470,0,nan,0.0,0.214453125,0.007999999999924512,0.0039999999999054126,-7.000013013862761,3.5950000000003675,0.30999999995146804
476,562.86,0,14896,0,nan,0.0,0.19395833333333334,0.009999999999990905,0.004000000000019099,-7.00001292336302,3.570000000000359,0.30999999995146804
477,562.91,0,9331,0,nan,0.0,0.12149739583333333,0.005999999999971806,0.004000000000019099,-7.000012832863279,3.5450000000003508,0.30999999995146804
478,562.96,0,10046,0,nan,0.0,0.13080729166666666,0.011999999999943611,0.004000000000019099,-7.000012742363538,3.5200000000003424,0.30999999995146804
479,563.011,0,8982,0,nan,0.0,0.116953125,0.0049999999999954525,0.0049999999999954525,-7.000012633763848,3.4900000000003324,0.30999999995146804
480,563.061,0,3790,0,nan,0.0,0.04934895833333333,0.012999999999919964,0.0049999999999954525,-7.000012543264107,3.465000000000324,0.30999999995146804
481,563.11,0,5933,0,nan,0.0,0.07725260416666667,0.002000000000066393,0.004000000000019099,-7.0000124708643146,3.4450000000003174,0.30999999995146804
482,563.161,0,5200,0,nan,0.0,0.06770833333333333,0.015000000000100044,0.0049999999999954525,-7.0000123803645735,3.420000000000309,0.30999999995146804
483,563.21,0,7066,0,nan,0.0,0.09200520833333334,0.0,0.004000000000019099,-7.0000122898648325,3.3950000000003007,0.30999999995146804
484,563.26,0,7447,0,nan,0.0,0.09696614583333334,0.01599999999996271,0.004000000000019099,-7.0000121993650914,3.3700000000002923,0.30999999995146804
485,563.311,0,10363,0,nan,0.0,0.13493489583333335,0.0009999999999763531,0.0049999999999954525,-7.000012090765402,3.3400000000002823,0.30999999995146804
486,563.36,0,5320,0,nan,0.0,0.06927083333333334,0.014000000000010004,0.004000000000019099,-7.000012018365609,3.3200000000002756,0.30999999995146804
487,563.41,0,7971,0,nan,0.0,0.1037890625,0.004000000000019099,0.004000000000019099,-7.000011927865868,3.2950000000002673,0.30999999995146804
488,563.46,0,9872,0,nan,0.0,0.12854166666666667,0.012000000000057298,0.004000000000019099,-7.000011837366127,3.270000000000259,0.30999999995146804
489,563.51,0,11230,0,nan,0.0,0.14622395833333332,0.005999999999971806,0.004000000000019099,-7.000011746866386,3.2450000000002506,0.30999999995146804
490,563.56,0,10899,0,nan,0.0,0.1419140625,0.009999999999990905,0.0039999999999054126,-7.000011656366645,3.2200000000002422,0.30999999995146804
491,563.61,0,8133,0,nan,0.0,0.1058984375,0.008000000000038199,0.004000000000019099,-7.000011565866904,3.195000000000234,0.30999999995146804
492,563.66,0,10626,0,nan,0.0,0.138359375,0.007999999999924512,0.004000000000019099,-7.000011475367163,3.1700000000002255,0.30999999995146804
493,563.711,0,11161,0,nan,0.0,0.14532552083333333,0.009000000000014552,0.0049999999999954525,-7.000011366767474,3.1400000000002155,0.30999999995146804
494,563.761,0,28801,0,nan,0.0,0.3750130208333333,0.006999999999948159,0.0049999999999954525,-7.000011276267733,3.115000000000207,0.30999999995146804
495,563.81,0,13958,0,nan,0.0,0.18174479166666666,0.012000000000057298,0.0039999999999054126,-7.00001120386794,3.0950000000002005,0.30999999995146804
496,563.86,0,29052,0,nan,0.0,0.37828125,0.004000000000019099,0.004000000000019099,-7.000011113368199,3.070000000000192,0.30999999995146804
497,563.911,0,29098,0,nan,0.0,0.37888020833333336,0.013000000000033651,0.0049999999999954525,-7.000011022868458,3.045000000000184,0.30999999995146804
498,563.96,0,21955,0,nan,0.0,0.28587239583333335,0.002000000000066393,0.004000000000019099,-7.000010932368717,3.0200000000001754,0.30999999995146804
499,564.01,0,23762,0,nan,0.0,0.30940104166666665,0.01599999999996271,0.004000000000019099,-7.000010841868976,2.995000000000167,0.30999999995146804
500,564.06,0,14807,0,nan,0.0,0.19279947916666668,0.0,0.0039999999999054126,-7.000010751369235,2.9700000000001587,0.30999999995146804
501,564.111,0,11340,0,nan,0.0,0.14765625,0.016999999999939064,0.0049999999999954525,-7.000010642769546,2.9400000000001487,0.30999999995146804
502,564.16,0,11488,0,nan,0.0,0.14958333333333335,0.002000000000066393,0.004000000000019099,-7.000010570369753,2.920000000000142,0.30999999995146804
503,564.211,0,11169,0,nan,0.0,0.1454296875,0.014999999999986358,0.0049999999999954525,-7.000010461770064,2.890000000000132,0.30999999995146804
504,564.26,0,8853,0,nan,0.0,0.1152734375,0.004000000000019099,0.004000000000019099,-7.000010389370271,2.8700000000001253,0.30999999995146804
505,564.31,0,7351,0,nan,0.0,0.09571614583333334,0.011999999999943611,0.0039999999999054126,-7.00001029887053,2.845000000000117,0.30999999995146804
506,564.36,0,9939,0,nan,0.0,0.1294140625,0.005999999999971806,0.004000000000019099,-7.000010208370789,2.8200000000001086,0.30999999995146804
507,564.41,0,13179,0,nan,0.0,0.1716015625,0.009999999999990905,0.004000000000019099,-7.000010117871048,2.7950000000001003,0.30999999995146804
508,564.46,0,21911,0,nan,0.0,0.28529947916666665,0.007999999999924512,0.004000000000019099,-7.000010027371307,2.770000000000092,0.30999999995146804
509,564.511,0,29707,0,nan,0.0,0.3868098958333333,0.009000000000014552,0.0049999999999954525,-7.000009918771617,2.740000000000082,0.30999999995146804
510,564.56,0,21864,0,nan,0.0,0.2846875,0.010000000000104592,0.0039999999999054126,-7.0000098463718246,2.7200000000000752,0.30999999995146804
511,564.61,0,10886,0,nan,0.0,0.14174479166666668,0.005999999999971806,0.004000000000019099,-7.0000097558720835,2.695000000000067,0.30999999995146804
512,564.66,0,21969,0,nan,0.0,0.2860546875,0.012000000000057298,0.004000000000019099,-7.0000096653723425,2.6700000000000585,0.30999999995146804
513,564.71,0,9959,0,nan,0.0,0.12967447916666666,0.004000000000019099,0.004000000000019099,-7.0000095748726014,2.64500000000005,0.30999999995146804
514,564.76,0,8942,0,nan,0.0,0.11643229166666667,0.014000000000010004,0.004000000000019099,-7.00000948437286,2.620000000000042,0.30999999995146804
515,564.811,0,5848,0,nan,0.0,0.07614583333333333,0.0030000000000427463,0.0049999999999954525,-7.000009375773171,2.590000000000032,0.30999999995146804
516,564.86,0,12890,0,nan,0.0,0.16783854166666667,0.01599999999996271,0.004000000000019099,-7.000009303373378,2.570000000000025,0.30999999995146804
517,564.91,0,8178,0,nan,0.0,0.106484375,0.0,0.004000000000019099,-7.000009212873637,2.545000000000017,0.30999999995146804
518,564.96,0,8298,0,nan,0.0,0.108046875,0.016000000000076398,0.004000000000019099,-7.000009122373896,2.5200000000000085,0.30999999995146804
519,565.01,0,6085,0,nan,0.0,0.07923177083333334,0.0019999999999527063,0.004000000000019099,-7.000009031874155,2.495,0.30999999995146804
520,565.06,0,11850,0,nan,0.0,0.154296875,0.013999999999896318,0.0039999999999054126,-7.000008941374414,2.4699999999999918,0.30999999995146804
521,565.111,0,13049,0,nan,0.0,0.16990885416666668,0.0030000000000427463,0.0049999999999954525,-7.000008832774725,2.4399999999999817,0.30999999995146804
522,565.16,0,12881,0,nan,0.0,0.16772135416666667,0.011999999999943611,0.004000000000019099,-7.000008760374932,2.419999999999975,0.30999999995146804
523,565.21,0,13536,0,nan,0.0,0.17625,0.005999999999971806,0.004000000000019099,-7.000008669875191,2.3949999999999667,0.30999999995146804
524,565.26,0,8031,0,nan,0.0,0.1045703125,0.009999999999990905,0.004000000000019099,-7.00000857937545,2.3699999999999584,0.30999999995146804
525,565.31,0,6918,0,nan,0.0,0.090078125,0.008000000000038199,0.0039999999999054126,-7.000008488875709,2.34499999999995,0.30999999995146804
526,565.36,0,7962,0,nan,0.0,0.103671875,0.008000000000038199,0.004000000000019099,-7.000008398375968,2.3199999999999417,0.30999999995146804
527,565.41,0,8605,0,nan,0.0,0.11204427083333333,0.009999999999990905,0.004000000000019099,-7.000008307876227,2.2949999999999333,0.30999999995146804
528,565.46,0,3608,0,nan,0.0,0.04697916666666667,0.0060000000000854925,0.004000000000019099,-7.000008217376486,2.269999999999925,0.30999999995146804
529,565.51,0,4356,0,nan,0.0,0.05671875,0.012000000000057298,0.004000000000019099,-7.000008126876745,2.2449999999999166,0.30999999995146804
530,565.56,0,4487,0,nan,0.0,0.05842447916666667,0.0039999999999054126,0.0039999999999054126,-7.000008036377004,2.2199999999999083,0.30999999995146804
531,565.61,0,4732,0,nan,0.0,0.061614583333333334,0.014000000000010004,0.004000000000019099,-7.000007945877263,2.1949999999999,0.30999999995146804
532,565.66,0,12546,0,nan,0.0,0.163359375,0.0019999999999527063,0.004000000000019099,-7.000007855377522,2.1699999999998916,0.30999999995146804
533,565.71,0,11677,0,nan,0.0,0.15204427083333333,0.01599999999996271,0.004000000000019099,-7.000007764877781,2.1449999999998832,0.30999999995146804
534,565.76,0,10561,0,nan,0.0,0.13751302083333333,0.0,0.004000000000019099,-7.00000767437804,2.119999999999875,0.30999999995146804
535,565.81,0,7697,0,nan,0.0,0.10022135416666667,0.01599999999996271,0.0039999999999054126,-7.000007583878299,2.0949999999998665,0.30999999995146804
536,565.861,0,9830,0,nan,0.0,0.12799479166666666,0.0009999999999763531,0.0049999999999954525,-7.0000074752786094,2.0649999999998565,0.30999999995146804
537,565.91,0,17791,0,nan,0.0,0.23165364583333334,0.014000000000010004,0.004000000000019099,-7.000007402878817,2.04499999999985,0.30999999995146804
538,565.96,0,21329,0,nan,0.0,0.27772135416666666,0.004000000000019099,0.004000000000019099,-7.000007312379076,2.0199999999998415,0.30999999995146804
539,566.01,0,13537,0,nan,0.0,0.17626302083333334,0.011999999999943611,0.004000000000019099,-7.0000072218793346,1.9949999999998356,0.30999999995146804
540,566.06,0,21262,0,nan,0.0,0.27684895833333334,0.0060000000000854925,0.0039999999999054126,-7.0000071313795935,1.9699999999998383,0.30999999995146804
541,566.11,0,14416,0,nan,0.0,0.18770833333333334,0.009999999999990905,0.004000000000019099,-7.0000070408798525,1.944999999999841,0.30999999995146804
542,566.16,0,12846,0,nan,0.0,0.167265625,0.008000000000038199,0.004000000000019099,-7.0000069503801114,1.9199999999998438,0.30999999995146804
543,566.21,0,6689,0,nan,0.0,0.08709635416666667,0.008000000000038199,0.004000000000019099,-7.00000685988037,1.8949999999998466,0.30999999995146804
544,566.26,0,9545,0,nan,0.0,0.12428385416666667,0.009999999999990905,0.004000000000019099,-7.000006769380629,1.8699999999998493,0.30999999995146804
545,566.31,0,14218,0,nan,0.0,0.18513020833333332,0.005999999999971806,0.0039999999999054126,-7.000006678880888,1.844999999999852,0.30999999995146804
546,566.36,0,10889,0,nan,0.0,0.14178385416666667,0.011999999999943611,0.004000000000019099,-7.000006588381147,1.8199999999998548,0.30999999995146804
547,566.41,0,6965,0,nan,0.0,0.09069010416666666,0.004000000000019099,0.004000000000019099,-7.000006497881406,1.7949999999998576,0.30999999995146804
548,566.461,0,10666,0,nan,0.0,0.13888020833333334,0.013000000000033651,0.0049999999999954525,-7.000006389281717,1.764999999999861,0.30999999995146804
549,566.51,0,12748,0,nan,0.0,0.16598958333333333,0.0019999999999527063,0.004000000000019099,-7.000006316881924,1.744999999999863,0.30999999995146804
550,566.56,0,22349,0,nan,0.0,0.2910026041666667,0.016000000000076398,0.0039999999999054126,-7.000006226382183,1.7199999999998659,0.30999999995146804
551,566.611,0,17612,0,nan,0.0,0.22932291666666665,0.0009999999999763531,0.0049999999999954525,-7.000006117782494,1.6899999999998692,0.30999999995146804
552,566.66,0,12031,0,nan,0.0,0.15665364583333333,0.01599999999996271,0.004000000000019099,-7.000006045382701,1.6699999999998714,0.30999999995146804
553,566.71,0,8280,0,nan,0.0,0.1078125,0.0019999999999527063,0.004000000000019099,-7.00000595488296,1.6449999999998741,0.30999999995146804
554,566.76,0,10011,0,nan,0.0,0.1303515625,0.014000000000010004,0.004000000000019099,-7.000005864383219,1.6199999999998769,0.30999999995146804
555,566.811,0,11413,0,nan,0.0,0.14860677083333335,0.0029999999999290594,0.0049999999999954525,-7.00000575578353,1.5899999999998802,0.30999999995146804
556,566.86,0,9175,0,nan,0.0,0.11946614583333333,0.012000000000057298,0.004000000000019099,-7.000005683383737,1.5699999999998824,0.30999999995146804
557,566.91,0,5303,0,nan,0.0,0.06904947916666666,0.0060000000000854925,0.004000000000019099,-7.000005592883996,1.5449999999998851,0.30999999995146804
558,566.96,0,12976,0,nan,0.0,0.16895833333333332,0.009999999999990905,0.004000000000019099,-7.000005502384255,1.5199999999998879,0.30999999995146804
559,567.012,0,21423,0,nan,0.0,0.2789453125,0.0060000000000854925,0.004000000000019099,-7.000005393784566,1.4899999999998912,0.30999999995146804
560,567.06,0,9447,0,nan,0.0,0.1230078125,0.007999999999924512,0.0039999999999054126,-7.000005321384773,1.4699999999998934,0.30999999995146804
561,567.11,0,12358,0,nan,0.0,0.16091145833333334,0.009999999999990905,0.004000000000019099,-7.000005230885032,1.4449999999998961,0.30999999995146804
562,567.16,0,15967,0,nan,0.0,0.20790364583333334,0.005999999999971806,0.004000000000019099,-7.000005140385291,1.419999999999899,0.30999999995146804
563,567.211,0,28540,0,nan,0.0,0.37161458333333336,0.010999999999967258,0.0049999999999954525,-7.0000050317856015,1.3899999999999022,0.30999999995146804
564,567.26,0,31044,0,nan,0.0,0.40421875,0.004000000000019099,0.004000000000019099,-7.000004959385809,1.3699999999999044,0.30999999995146804
565,567.31,0,13739,0,nan,0.0,0.17889322916666667,0.014000000000010004,0.0039999999999054126,-7.000004868886068,1.3449999999999072,0.30999999995146804
566,567.36,0,30223,0,nan,0.0,0.39352864583333336,0.002000000000066393,0.004000000000019099,-7.000004778386327,1.31999999999991,0.30999999995146804
567,567.41,0,29895,0,nan,0.0,0.3892578125,0.016000000000076398,0.004000000000019099,-7.000004687886586,1.2949999999999127,0.30999999995146804
568,567.46,0,15086,0,nan,0.0,0.19643229166666668,0.0,0.004000000000019099,-7.0000045973868446,1.2699999999999154,0.30999999995146804
569,567.51,0,14316,0,nan,0.0,0.18640625,0.01599999999996271,0.004000000000019099,-7.0000045068871035,1.2449999999999182,0.30999999995146804
570,567.56,0,37842,0,nan,0.0,0.492734375,0.002000000000066393,0.0039999999999054126,-7.0000044163873625,1.219999999999921,0.30999999995146804
571,567.61,0,14803,0,nan,0.0,0.19274739583333333,0.014000000000010004,0.004000000000019099,-7.0000043258876214,1.1949999999999237,0.30999999995146804
572,567.66,0,37729,0,nan,0.0,0.49126302083333334,0.004000000000019099,0.004000000000019099,-7.00000423538788,1.1699999999999264,0.30999999995146804
573,567.71,0,16478,0,nan,0.0,0.21455729166666668,0.012000000000057298,0.004000000000019099,-7.000004144888139,1.1449999999999292,0.30999999995146804
574,567.76,0,18672,0,nan,0.0,0.243125,0.005999999999971806,0.004000000000019099,-7.000004054388398,1.119999999999932,0.30999999995146804
575,567.81,0,15583,0,nan,0.0,0.20290364583333334,0.009999999999990905,0.0039999999999054126,-7.000003963888657,1.0949999999999347,0.30999999995146804
576,567.86,0,16856,0,nan,0.0,0.21947916666666667,0.008000000000038199,0.004000000000019099,-7.000003873388916,1.0699999999999374,0.30999999995146804
577,567.91,0,18068,0,nan,0.0,0.23526041666666667,0.007999999999924512,0.004000000000019099,-7.000003782889175,1.0449999999999402,0.30999999995146804
578,567.96,0,18588,0,nan,0.0,0.24203125,0.009999999999990905,0.004000000000019099,-7.000003692389434,1.019999999999943,0.30999999995146804
579,568.01,0,17328,0,nan,0.0,0.225625,0.005999999999971806,0.004000000000019099,-7.000003601889693,0.9949999999999457,0.30999999995146804
580,568.06,0,36888,0,nan,0.0,0.4803125,0.012000000000057298,0.0039999999999054126,-7.000003511389952,0.9699999999999485,0.30999999995146804
581,568.11,0,18323,0,nan,0.0,0.23858072916666667,0.004000000000019099,0.004000000000019099,-7.000003420890211,0.9449999999999512,0.30999999995146804
582,568.16,0,15279,0,nan,0.0,0.1989453125,0.014000000000010004,0.004000000000019099,-7.00000333039047,0.919999999999954,0.30999999995146804
583,568.21,0,26370,0,nan,0.0,0.343359375,0.002000000000066393,0.004000000000019099,-7.000003239890729,0.8949999999999567,0.30999999995146804
584,568.261,0,26203,0,nan,0.0,0.34118489583333333,0.014999999999986358,0.0049999999999954525,-7.00000313129104,0.86499999999996,0.30999999995146804
585,568.31,0,27754,0,nan,0.0,0.36138020833333334,0.0,0.0039999999999054126,-7.000003058891247,0.8449999999999622,0.30999999995146804
586,568.36,0,6714,0,nan,0.0,0.087421875,0.01599999999996271,0.004000000000019099,-7.000002968391506,0.819999999999965,0.30999999995146804
587,568.411,0,8578,0,nan,0.0,0.11169270833333333,0.00100000000009004,0.0049999999999954525,-7.000002877891765,0.7949999999999677,0.30999999995146804
588,568.461,0,4629,0,nan,0.0,0.0602734375,0.014999999999986358,0.0049999999999954525,-7.000002769292076,0.764999999999971,0.30999999995146804
589,568.511,0,6886,0,nan,0.0,0.08966145833333333,0.0030000000000427463,0.0049999999999954525,-7.000002678792335,0.7399999999999738,0.30999999995146804
590,568.561,0,14595,0,nan,0.0,0.1900390625,0.013000000000033651,0.0049999999999954525,-7.000002588292594,0.7149999999999765,0.30999999995146804
591,568.611,0,35687,0,nan,0.0,0.46467447916666665,0.0049999999999954525,0.0049999999999954525,-7.0000024977928526,0.6899999999999793,0.30999999995146804
592,568.66,0,17732,0,nan,0.0,0.23088541666666668,0.009999999999990905,0.004000000000019099,-7.00000242539306,0.6699999999999815,0.30999999995146804
593,568.711,0,18954,0,nan,0.0,0.246796875,0.006999999999948159,0.0049999999999954525,-7.0000023167933705,0.6399999999999848,0.30999999995146804
594,568.76,0,6347,0,nan,0.0,0.08264322916666667,0.008000000000038199,0.004000000000019099,-7.000002244393578,0.619999999999987,0.30999999995146804
595,568.812,0,9449,0,nan,0.0,0.12303385416666666,0.008000000000038199,0.004000000000019099,-7.000002135793888,0.5899999999999903,0.30999999995146804
596,568.86,0,5802,0,nan,0.0,0.075546875,0.005999999999971806,0.004000000000019099,-7.000002063394096,0.5699999999999925,0.30999999995146804
597,568.911,0,13136,0,nan,0.0,0.17104166666666668,0.011000000000080945,0.0049999999999954525,-7.0000019728943546,0.5449999999999953,0.30999999995146804
598,568.96,0,22986,0,nan,0.0,0.299296875,0.004000000000019099,0.004000000000019099,-7.0000018823946135,0.519999999999998,0.30999999995146804
599,569.01,0,22578,0,nan,0.0,0.293984375,0.014000000000010004,0.004000000000019099,-7.0000017918948725,0.4950000000000002,0.30999999995146804
